[{"pos_x": 61.7, "pos_y": 45.2575, "rotation": -90.0, "side": "top", "designator": "J9", "mpn": "B2P-VH", "pack": "JST_VH_B2P-VH-B_1x02_P3.96mm_Vertical", "value": "BAT+", "mount_type": "tht", "place": true}, {"pos_x": 61.5889, "pos_y": 26.46, "rotation": -90.0, "side": "top", "designator": "J4", "mpn": "70543-0001", "pack": "JST_VH_B2P-VH-B_1x02_P3.96mm_Vertical", "value": "PB MA", "mount_type": "tht", "place": true}, {"pos_x": 61.5889, "pos_y": 35.46, "rotation": -90.0, "side": "top", "designator": "J3", "mpn": "70543-0001", "pack": "JST_VH_B2P-VH-B_1x02_P3.96mm_Vertical", "value": "PB MB", "mount_type": "tht", "place": true}, {"pos_x": 19.7425, "pos_y": 95.7, "rotation": 0.0, "side": "top", "designator": "J10", "mpn": "B2P-VH", "pack": "JST_VH_B2P-VH-B_1x02_P3.96mm_Vertical", "value": "PACK-", "mount_type": "tht", "place": true}, {"pos_x": 50.25, "pos_y": 71.9, "rotation": 90.0, "side": "top", "designator": "TH3", "mpn": "NCU18XH103F6SRB", "pack": "R_0603_1608Metric", "value": "10K NTC", "mount_type": "smt", "place": true}, {"pos_x": 63.45, "pos_y": 54.5, "rotation": 90.0, "side": "top", "designator": "R35", "mpn": "RC0603FR-07100RL", "pack": "R_0603_1608Metric", "value": "100R", "mount_type": "smt", "place": true}, {"pos_x": 17.45, "pos_y": 54.5, "rotation": 90.0, "side": "top", "designator": "R9", "mpn": "RC0603FR-073K3L", "pack": "R_0603_1608Metric", "value": "3.3K", "mount_type": "smt", "place": true}, {"pos_x": 56.65, "pos_y": 54.5, "rotation": 90.0, "side": "top", "designator": "R33", "mpn": "RC0603FR-073K3L", "pack": "R_0603_1608Metric", "value": "3.3K", "mount_type": "smt", "place": true}, {"pos_x": 53.65, "pos_y": 54.525, "rotation": 90.0, "side": "top", "designator": "R29", "mpn": "RC0603FR-07100RL", "pack": "R_0603_1608Metric", "value": "100R", "mount_type": "smt", "place": true}, {"pos_x": 34.25, "pos_y": 31.9067, "rotation": -90.0, "side": "top", "designator": "R40", "mpn": "RC0603FR-07100RL", "pack": "R_0603_1608Metric", "value": "100R", "mount_type": "smt", "place": true}, {"pos_x": 58.55, "pos_y": 54.5, "rotation": 90.0, "side": "top", "designator": "R32", "mpn": "RC0603FR-07100RL", "pack": "R_0603_1608Metric", "value": "100R", "mount_type": "smt", "place": true}, {"pos_x": 7.75, "pos_y": 54.5125, "rotation": 90.0, "side": "top", "designator": "R3", "mpn": "RC0603FR-073K3L", "pack": "R_0603_1608Metric", "value": "3.3K", "mount_type": "smt", "place": true}, {"pos_x": 9.55, "pos_y": 30.5125, "rotation": 180.0, "side": "top", "designator": "R49", "mpn": "RMCF0603JT10K0", "pack": "R_0603_1608Metric", "value": "10K", "mount_type": "smt", "place": true}, {"pos_x": 34.35, "pos_y": 25.85, "rotation": -90.0, "side": "top", "designator": "R41", "mpn": "RC0603FR-07100RL", "pack": "R_0603_1608Metric", "value": "100R", "mount_type": "smt", "place": true}, {"pos_x": 30.8, "pos_y": 29.3, "rotation": 180.0, "side": "top", "designator": "R46", "mpn": "RC0603FR-07806RL", "pack": "R_0603_1608Metric", "value": "806R", "mount_type": "smt", "place": true}, {"pos_x": 9.55, "pos_y": 28.4125, "rotation": 180.0, "side": "top", "designator": "R50", "mpn": "RMCF0603JT10K0", "pack": "R_0603_1608Metric", "value": "10K", "mount_type": "smt", "place": true}, {"pos_x": 47.095, "pos_y": 39.8, "rotation": 180.0, "side": "top", "designator": "R39", "mpn": "RC0603FR-07100RL", "pack": "R_0603_1608Metric", "value": "100R", "mount_type": "smt", "place": true}, {"pos_x": 43.85, "pos_y": 54.5625, "rotation": 90.0, "side": "top", "designator": "R23", "mpn": "RC0603FR-07100RL", "pack": "R_0603_1608Metric", "value": "100R", "mount_type": "smt", "place": true}, {"pos_x": 46.85, "pos_y": 54.5, "rotation": 90.0, "side": "top", "designator": "R27", "mpn": "RC0603FR-073K3L", "pack": "R_0603_1608Metric", "value": "3.3K", "mount_type": "smt", "place": true}, {"pos_x": 24.26, "pos_y": 54.4875, "rotation": 90.0, "side": "top", "designator": "R11", "mpn": "RC0603FR-07100RL", "pack": "R_0603_1608Metric", "value": "100R", "mount_type": "smt", "place": true}, {"pos_x": 29.5, "pos_y": 25.025, "rotation": -90.0, "side": "top", "designator": "R43", "mpn": "RC0603JR-070RL", "pack": "R_0603_1608Metric", "value": "0", "mount_type": "smt", "place": true}, {"pos_x": 37.06, "pos_y": 54.575, "rotation": 90.0, "side": "top", "designator": "R21", "mpn": "RC0603FR-073K3L", "pack": "R_0603_1608Metric", "value": "3.3K", "mount_type": "smt", "place": true}, {"pos_x": 34.06, "pos_y": 54.565, "rotation": 90.0, "side": "top", "designator": "R17", "mpn": "RC0603FR-07100RL", "pack": "R_0603_1608Metric", "value": "100R", "mount_type": "smt", "place": true}, {"pos_x": 27.25, "pos_y": 54.545, "rotation": 90.0, "side": "top", "designator": "R15", "mpn": "RC0603FR-073K3L", "pack": "R_0603_1608Metric", "value": "3.3K", "mount_type": "smt", "place": true}, {"pos_x": 32.15, "pos_y": 54.565, "rotation": 90.0, "side": "top", "designator": "R18", "mpn": "RC0603FR-073K3L", "pack": "R_0603_1608Metric", "value": "3.3K", "mount_type": "smt", "place": true}, {"pos_x": 30.8, "pos_y": 30.9, "rotation": 0.0, "side": "top", "designator": "R42", "mpn": "RC0603JR-071K2L", "pack": "R_0603_1608Metric", "value": "1.2K", "mount_type": "smt", "place": true}, {"pos_x": 22.35, "pos_y": 54.4875, "rotation": 90.0, "side": "top", "designator": "R12", "mpn": "RC0603FR-073K3L", "pack": "R_0603_1608Metric", "value": "3.3K", "mount_type": "smt", "place": true}, {"pos_x": 27.95, "pos_y": 25.025, "rotation": -90.0, "side": "top", "designator": "R44", "mpn": "RC0603JR-071ML", "pack": "R_0603_1608Metric", "value": "1M", "mount_type": "smt", "place": true}, {"pos_x": 47.095, "pos_y": 38.1, "rotation": 180.0, "side": "top", "designator": "R38", "mpn": "RC0603FR-07100RL", "pack": "R_0603_1608Metric", "value": "100R", "mount_type": "smt", "place": true}, {"pos_x": 38.95, "pos_y": 54.575, "rotation": 90.0, "side": "top", "designator": "R20", "mpn": "RC0603FR-07100RL", "pack": "R_0603_1608Metric", "value": "100R", "mount_type": "smt", "place": true}, {"pos_x": 20.85, "pos_y": 71.9, "rotation": 90.0, "side": "top", "designator": "TH1", "mpn": "NCU18XH103F6SRB", "pack": "R_0603_1608Metric", "value": "10K NTC", "mount_type": "smt", "place": true}, {"pos_x": 9.55, "pos_y": 32.7, "rotation": 180.0, "side": "top", "designator": "R48", "mpn": "RMCF0603JT10K0", "pack": "R_0603_1608Metric", "value": "10K", "mount_type": "smt", "place": true}, {"pos_x": 48.75, "pos_y": 54.5, "rotation": 90.0, "side": "top", "designator": "R26", "mpn": "RC0603FR-07100RL", "pack": "R_0603_1608Metric", "value": "100R", "mount_type": "smt", "place": true}, {"pos_x": 14.45, "pos_y": 54.5, "rotation": 90.0, "side": "top", "designator": "R5", "mpn": "RC0603FR-07100RL", "pack": "R_0603_1608Metric", "value": "100R", "mount_type": "smt", "place": true}, {"pos_x": 29.15, "pos_y": 54.525, "rotation": 90.0, "side": "top", "designator": "R14", "mpn": "RC0603FR-07100RL", "pack": "R_0603_1608Metric", "value": "100R", "mount_type": "smt", "place": true}, {"pos_x": 35.5, "pos_y": 71.9, "rotation": 90.0, "side": "top", "designator": "TH2", "mpn": "NCU18XH103F6SRB", "pack": "R_0603_1608Metric", "value": "10K NTC", "mount_type": "smt", "place": true}, {"pos_x": 41.95, "pos_y": 54.5625, "rotation": 90.0, "side": "top", "designator": "R24", "mpn": "RC0603FR-073K3L", "pack": "R_0603_1608Metric", "value": "3.3K", "mount_type": "smt", "place": true}, {"pos_x": 9.55, "pos_y": 34.3, "rotation": 180.0, "side": "top", "designator": "R47", "mpn": "RMCF0603JT10K0", "pack": "R_0603_1608Metric", "value": "10K", "mount_type": "smt", "place": true}, {"pos_x": 24.9, "pos_y": 28.2, "rotation": -90.0, "side": "top", "designator": "R45", "mpn": "RC0603JR-070RL", "pack": "R_0603_1608Metric", "value": "0", "mount_type": "smt", "place": true}, {"pos_x": 12.55, "pos_y": 54.5, "rotation": 90.0, "side": "top", "designator": "R6", "mpn": "RC0603FR-073K3L", "pack": "R_0603_1608Metric", "value": "3.3K", "mount_type": "smt", "place": true}, {"pos_x": 9.55, "pos_y": 36.5, "rotation": 0.0, "side": "top", "designator": "R51", "mpn": "RMCF0603JT10K0", "pack": "R_0603_1608Metric", "value": "10K", "mount_type": "smt", "place": true}, {"pos_x": 17.7, "pos_y": 22.2, "rotation": 180.0, "side": "top", "designator": "R37", "mpn": "RC0603JR-071K2L", "pack": "R_0603_1608Metric", "value": "1.2K", "mount_type": "smt", "place": true}, {"pos_x": 64.95, "pos_y": 56.235, "rotation": 90.0, "side": "top", "designator": "FB1", "mpn": "BLM18PG330SN1D", "pack": "R_0603_1608Metric", "value": "BLM18PG330SN1D", "mount_type": "smt", "place": true}, {"pos_x": 19.36, "pos_y": 54.505, "rotation": 90.0, "side": "top", "designator": "R8", "mpn": "RC0603FR-07100RL", "pack": "R_0603_1608Metric", "value": "100R", "mount_type": "smt", "place": true}, {"pos_x": 9.65, "pos_y": 54.515, "rotation": 90.0, "side": "top", "designator": "R2", "mpn": "RC0603FR-07100RL", "pack": "R_0603_1608Metric", "value": "100R", "mount_type": "smt", "place": true}, {"pos_x": 51.75, "pos_y": 54.525, "rotation": 90.0, "side": "top", "designator": "R30", "mpn": "RC0603FR-073K3L", "pack": "R_0603_1608Metric", "value": "3.3K", "mount_type": "smt", "place": true}, {"pos_x": 61.55, "pos_y": 54.5, "rotation": 90.0, "side": "top", "designator": "R36", "mpn": "RC0603FR-073K3L", "pack": "R_0603_1608Metric", "value": "3.3K", "mount_type": "smt", "place": true}, {"pos_x": 42.9, "pos_y": 58.0625, "rotation": 90.0, "side": "top", "designator": "Q8", "mpn": "TSM2323CX RFG ", "pack": "SOT-23", "value": "TSM2323", "mount_type": "smt", "place": true}, {"pos_x": 30.0, "pos_y": 19.7, "rotation": 0.0, "side": "top", "designator": "Q13", "mpn": "NSV1C201MZ4T1G", "pack": "SOT-223", "value": "NSV1C201MZ4", "mount_type": "smt", "place": true}, {"pos_x": 54.425, "pos_y": 50.15, "rotation": 0.0, "side": "top", "designator": "C10", "mpn": "CL10B104KC8NNNC", "pack": "C_0603_1608Metric", "value": "100nF 100V", "mount_type": "smt", "place": true}, {"pos_x": 38.0, "pos_y": 77.9, "rotation": -90.0, "side": "top", "designator": "R58", "mpn": "352118RFT", "pack": "R_2512_6332Metric", "value": "18R 1W 2512", "mount_type": "smt", "place": true}, {"pos_x": 23.3, "pos_y": 57.9875, "rotation": 90.0, "side": "top", "designator": "Q4", "mpn": "TSM2323CX RFG ", "pack": "SOT-23", "value": "TSM2323", "mount_type": "smt", "place": true}, {"pos_x": 47.8, "pos_y": 77.9, "rotation": -90.0, "side": "top", "designator": "R60", "mpn": "352118RFT", "pack": "R_2512_6332Metric", "value": "18R 1W 2512", "mount_type": "smt", "place": true}, {"pos_x": 38.6, "pos_y": 4.425, "rotation": 0.0, "side": "top", "designator": "J2", "mpn": "B7B-XH-A", "pack": "JST_XH_B7B-XH-A_1x07_P2.50mm_Vertical_BAT_6S", "value": "B7B-XH-A", "mount_type": "tht", "place": true}, {"pos_x": 52.3, "pos_y": 39.8, "rotation": 90.0, "side": "top", "designator": "D13", "mpn": "1N4148W-7-F", "pack": "D_SOD-123", "value": "1N4148W", "mount_type": "smt", "place": true}, {"pos_x": 24.0, "pos_y": 9.375, "rotation": 90.0, "side": "top", "designator": "F6", "mpn": "MPZ2012S102ATD25", "pack": "Fuse_0805_2012Metric", "value": "MPZ2012S102ATD25", "mount_type": "smt", "place": true}, {"pos_x": 16.5, "pos_y": 9.375, "rotation": 90.0, "side": "top", "designator": "F3", "mpn": "MPZ2012S102ATD25", "pack": "Fuse_0805_2012Metric", "value": "MPZ2012S102ATD25", "mount_type": "smt", "place": true}, {"pos_x": 11.175, "pos_y": 50.15, "rotation": 180.0, "side": "top", "designator": "C1", "mpn": "CL10B104KC8NNNC", "pack": "C_0603_1608Metric", "value": "100nF 100V", "mount_type": "smt", "place": true}, {"pos_x": 27.9, "pos_y": 51.95, "rotation": 180.0, "side": "top", "designator": "D5", "mpn": "PDZ7.5BZ", "pack": "D_SOD-323_HandSoldering", "value": "PDZ7.5B", "mount_type": "smt", "place": true}, {"pos_x": 8.4, "pos_y": 51.95, "rotation": 180.0, "side": "top", "designator": "D1", "mpn": "PDZ7.5BZ", "pack": "D_SOD-323_HandSoldering", "value": "PDZ7.5B", "mount_type": "smt", "place": true}, {"pos_x": 57.6, "pos_y": 77.9, "rotation": -90.0, "side": "top", "designator": "R62", "mpn": "352118RFT", "pack": "R_2512_6332Metric", "value": "18R 1W 2512", "mount_type": "smt", "place": true}, {"pos_x": 13.5, "pos_y": 58.0, "rotation": 90.0, "side": "top", "designator": "Q2", "mpn": "TSM2323CX RFG ", "pack": "SOT-23", "value": "TSM2323", "mount_type": "smt", "place": true}, {"pos_x": 61.6, "pos_y": 4.3, "rotation": 0.0, "side": "top", "designator": "J7", "mpn": "N/A", "pack": "MountingHole_3.2mm_M3_ISO7380_Pad", "value": "Hole /NC", "mount_type": "tht", "place": true}, {"pos_x": 42.6, "pos_y": 51.95, "rotation": 180.0, "side": "top", "designator": "D8", "mpn": "PDZ7.5BZ", "pack": "D_SOD-323_HandSoldering", "value": "PDZ7.5B", "mount_type": "smt", "place": true}, {"pos_x": 47.5, "pos_y": 51.95, "rotation": 180.0, "side": "top", "designator": "D9", "mpn": "PDZ7.5BZ", "pack": "D_SOD-323_HandSoldering", "value": "PDZ7.5B", "mount_type": "smt", "place": true}, {"pos_x": 44.625, "pos_y": 50.15, "rotation": 0.0, "side": "top", "designator": "C8", "mpn": "CL10B104KC8NNNC", "pack": "C_0603_1608Metric", "value": "100nF 100V", "mount_type": "smt", "place": true}, {"pos_x": 49.92, "pos_y": 39.5, "rotation": 90.0, "side": "top", "designator": "D15", "mpn": "BZT52H-C62,115", "pack": "D_SOD-123F", "value": "BZT52H-C62", "mount_type": "smt", "place": true}, {"pos_x": 13.5875, "pos_y": 36.5, "rotation": 0.0, "side": "top", "designator": "C26", "mpn": "CL10B104KC8NNNC", "pack": "C_0603_1608Metric", "value": "100nF 100V", "mount_type": "smt", "place": true}, {"pos_x": 20.925, "pos_y": 17.4, "rotation": 180.0, "side": "top", "designator": "C19", "mpn": "0603B105K250XD", "pack": "C_0603_1608Metric", "value": "1uF 25V", "mount_type": "smt", "place": true}, {"pos_x": 11.5, "pos_y": 9.375, "rotation": 90.0, "side": "top", "designator": "F1", "mpn": "MPZ2012S102ATD25", "pack": "Fuse_0805_2012Metric", "value": "MPZ2012S102ATD25", "mount_type": "smt", "place": true}, {"pos_x": 20.925, "pos_y": 20.55, "rotation": 180.0, "side": "top", "designator": "C21", "mpn": "0603B105K250XD", "pack": "C_0603_1608Metric", "value": "1uF 25V", "mount_type": "smt", "place": true}, {"pos_x": 42.9, "pos_y": 65.9, "rotation": -90.0, "side": "top", "designator": "R22", "mpn": "352118RFT", "pack": "R_2512_6332Metric", "value": "18R 1W 2512", "mount_type": "smt", "place": true}, {"pos_x": 32.75, "pos_y": 51.95, "rotation": 180.0, "side": "top", "designator": "D6", "mpn": "PDZ7.5BZ", "pack": "D_SOD-323_HandSoldering", "value": "PDZ7.5B", "mount_type": "smt", "place": true}, {"pos_x": 23.3, "pos_y": 28.2, "rotation": -90.0, "side": "top", "designator": "C16", "mpn": "0603B105K250XD", "pack": "C_0603_1608Metric", "value": "1uF 25V", "mount_type": "smt", "place": true}, {"pos_x": 12.3, "pos_y": 26.495, "rotation": 90.0, "side": "top", "designator": "TH5", "mpn": "MF52C1103F3380", "pack": "R_Axial_DIN0204_L3.6mm_D1.6mm_P1.90mm_Vertical", "value": "10K NTC", "mount_type": "tht", "place": true}, {"pos_x": 21.5, "pos_y": 9.375, "rotation": 90.0, "side": "top", "designator": "F5", "mpn": "MPZ2012S102ATD25", "pack": "Fuse_0805_2012Metric", "value": "MPZ2012S102ATD25", "mount_type": "smt", "place": true}, {"pos_x": 13.2, "pos_y": 51.95, "rotation": 180.0, "side": "top", "designator": "D2", "mpn": "PDZ7.5BZ", "pack": "D_SOD-323_HandSoldering", "value": "PDZ7.5B", "mount_type": "smt", "place": true}, {"pos_x": 59.325, "pos_y": 50.15, "rotation": 0.0, "side": "top", "designator": "C11", "mpn": "CL10B104KC8NNNC", "pack": "C_0603_1608Metric", "value": "100nF 100V", "mount_type": "smt", "place": true}, {"pos_x": 33.1, "pos_y": 65.9, "rotation": -90.0, "side": "top", "designator": "R16", "mpn": "352118RFT", "pack": "R_2512_6332Metric", "value": "18R 1W 2512", "mount_type": "smt", "place": true}, {"pos_x": 28.2, "pos_y": 58.025, "rotation": 90.0, "side": "top", "designator": "Q5", "mpn": "TSM2323CX RFG ", "pack": "SOT-23", "value": "TSM2323", "mount_type": "smt", "place": true}, {"pos_x": 13.5, "pos_y": 77.9375, "rotation": -90.0, "side": "top", "designator": "R53", "mpn": "352118RFT", "pack": "R_2512_6332Metric", "value": "18R 1W 2512", "mount_type": "smt", "place": true}, {"pos_x": 39.725, "pos_y": 50.15, "rotation": 0.0, "side": "top", "designator": "C7", "mpn": "CL10B104KC8NNNC", "pack": "C_0603_1608Metric", "value": "100nF 100V", "mount_type": "smt", "place": true}, {"pos_x": 47.8, "pos_y": 65.9, "rotation": -90.0, "side": "top", "designator": "R25", "mpn": "352118RFT", "pack": "R_2512_6332Metric", "value": "18R 1W 2512", "mount_type": "smt", "place": true}, {"pos_x": 33.1, "pos_y": 58.0625, "rotation": 90.0, "side": "top", "designator": "Q6", "mpn": "TSM2323CX RFG ", "pack": "SOT-23", "value": "TSM2323", "mount_type": "smt", "place": true}, {"pos_x": 46.1, "pos_y": 9.4, "rotation": 90.0, "side": "top", "designator": "F11", "mpn": "MPZ2012S102ATD25", "pack": "Fuse_0805_2012Metric", "value": "MPZ2012S102ATD25", "mount_type": "smt", "place": true}, {"pos_x": 52.7, "pos_y": 77.9, "rotation": -90.0, "side": "top", "designator": "R61", "mpn": "352118RFT", "pack": "R_2512_6332Metric", "value": "18R 1W 2512", "mount_type": "smt", "place": true}, {"pos_x": 61.7, "pos_y": 95.8, "rotation": 0.0, "side": "top", "designator": "J6", "mpn": "N/A", "pack": "MountingHole_3.2mm_M3_ISO7380_Pad", "value": "Hole /NC", "mount_type": "tht", "place": true}, {"pos_x": 18.2, "pos_y": 30.3, "rotation": -90.0, "side": "top", "designator": "C24", "mpn": "CL10B104KC8NNNC", "pack": "C_0603_1608Metric", "value": "100nF 100V", "mount_type": "smt", "place": true}, {"pos_x": 18.4, "pos_y": 58.0, "rotation": 90.0, "side": "top", "designator": "Q3", "mpn": "TSM2323CX RFG ", "pack": "SOT-23", "value": "TSM2323", "mount_type": "smt", "place": true}, {"pos_x": 38.0, "pos_y": 58.0625, "rotation": 90.0, "side": "top", "designator": "Q7", "mpn": "TSM2323CX RFG ", "pack": "SOT-23", "value": "TSM2323", "mount_type": "smt", "place": true}, {"pos_x": 23.3, "pos_y": 65.9, "rotation": -90.0, "side": "top", "designator": "R10", "mpn": "352118RFT", "pack": "R_2512_6332Metric", "value": "18R 1W 2512", "mount_type": "smt", "place": true}, {"pos_x": 52.7, "pos_y": 65.9, "rotation": -90.0, "side": "top", "designator": "R28", "mpn": "352118RFT", "pack": "R_2512_6332Metric", "value": "18R 1W 2512", "mount_type": "smt", "place": true}, {"pos_x": 13.5, "pos_y": 65.9375, "rotation": -90.0, "side": "top", "designator": "R4", "mpn": "352118RFT", "pack": "R_2512_6332Metric", "value": "18R 1W 2512", "mount_type": "smt", "place": true}, {"pos_x": 53.6, "pos_y": 9.4, "rotation": 90.0, "side": "top", "designator": "F14", "mpn": "MPZ2012S102ATD25", "pack": "Fuse_0805_2012Metric", "value": "MPZ2012S102ATD25", "mount_type": "smt", "place": true}, {"pos_x": 28.2, "pos_y": 77.9, "rotation": -90.0, "side": "top", "designator": "R56", "mpn": "352118RFT", "pack": "R_2512_6332Metric", "value": "18R 1W 2512", "mount_type": "smt", "place": true}, {"pos_x": 52.4, "pos_y": 51.95, "rotation": 180.0, "side": "top", "designator": "D10", "mpn": "PDZ7.5BZ", "pack": "D_SOD-323_HandSoldering", "value": "PDZ7.5B", "mount_type": "smt", "place": true}, {"pos_x": 62.2, "pos_y": 51.95, "rotation": 180.0, "side": "top", "designator": "D12", "mpn": "PDZ7.5BZ", "pack": "D_SOD-323_HandSoldering", "value": "PDZ7.5B", "mount_type": "smt", "place": true}, {"pos_x": 47.5889, "pos_y": 28.9, "rotation": 180.0, "side": "top", "designator": "TR1", "mpn": "HM2102NL", "pack": "HM2102NL_PUL", "value": "HM2102NL", "mount_type": "smt", "place": true}, {"pos_x": 4.2, "pos_y": 4.2, "rotation": 180.0, "side": "top", "designator": "J8", "mpn": "N/A", "pack": "MountingHole_3.2mm_M3_ISO7380_Pad", "value": "Hole /NC", "mount_type": "tht", "place": true}, {"pos_x": 42.9, "pos_y": 77.9, "rotation": -90.0, "side": "top", "designator": "R59", "mpn": "352118RFT", "pack": "R_2512_6332Metric", "value": "18R 1W 2512", "mount_type": "smt", "place": true}, {"pos_x": 23.02, "pos_y": 51.96, "rotation": 180.0, "side": "top", "designator": "D4", "mpn": "PDZ7.5BZ", "pack": "D_SOD-323_HandSoldering", "value": "PDZ7.5B", "mount_type": "smt", "place": true}, {"pos_x": 18.05, "pos_y": 51.95, "rotation": 180.0, "side": "top", "designator": "D3", "mpn": "PDZ7.5BZ", "pack": "D_SOD-323_HandSoldering", "value": "PDZ7.5B", "mount_type": "smt", "place": true}, {"pos_x": 23.3, "pos_y": 77.9, "rotation": -90.0, "side": "top", "designator": "R55", "mpn": "352118RFT", "pack": "R_2512_6332Metric", "value": "18R 1W 2512", "mount_type": "smt", "place": true}, {"pos_x": 26.5, "pos_y": 9.375, "rotation": 90.0, "side": "top", "designator": "F8", "mpn": "MPZ2012S102ATD25", "pack": "Fuse_0805_2012Metric", "value": "MPZ2012S102ATD25", "mount_type": "smt", "place": true}, {"pos_x": 63.45, "pos_y": 49.27, "rotation": -90.0, "side": "top", "designator": "C12", "mpn": "CL10B104KC8NNNC", "pack": "C_0603_1608Metric", "value": "100nF 100V", "mount_type": "smt", "place": true}, {"pos_x": 57.6, "pos_y": 65.9, "rotation": -90.0, "side": "top", "designator": "R31", "mpn": "352118RFT", "pack": "R_2512_6332Metric", "value": "18R 1W 2512", "mount_type": "smt", "place": true}, {"pos_x": 62.5, "pos_y": 77.9, "rotation": -90.0, "side": "top", "designator": "R63", "mpn": "352118RFT", "pack": "R_2512_6332Metric", "value": "18R 1W 2512", "mount_type": "smt", "place": true}, {"pos_x": 52.7, "pos_y": 58.025, "rotation": 90.0, "side": "top", "designator": "Q10", "mpn": "TSM2323CX RFG ", "pack": "SOT-23", "value": "TSM2323", "mount_type": "smt", "place": true}, {"pos_x": 28.2, "pos_y": 65.9, "rotation": -90.0, "side": "top", "designator": "R13", "mpn": "352118RFT", "pack": "R_2512_6332Metric", "value": "18R 1W 2512", "mount_type": "smt", "place": true}, {"pos_x": 51.1, "pos_y": 9.4, "rotation": 90.0, "side": "top", "designator": "F13", "mpn": "MPZ2012S102ATD25", "pack": "Fuse_0805_2012Metric", "value": "MPZ2012S102ATD25", "mount_type": "smt", "place": true}, {"pos_x": 38.0, "pos_y": 65.9, "rotation": -90.0, "side": "top", "designator": "R19", "mpn": "352118RFT", "pack": "R_2512_6332Metric", "value": "18R 1W 2512", "mount_type": "smt", "place": true}, {"pos_x": 11.5, "pos_y": 4.4, "rotation": 0.0, "side": "top", "designator": "J1", "mpn": "B7B-XH-A", "pack": "JST_XH_B7B-XH-A_1x07_P2.50mm_Vertical_BAT_6S", "value": "B7B-XH-A", "mount_type": "tht", "place": true}, {"pos_x": 8.7, "pos_y": 58.0125, "rotation": 90.0, "side": "top", "designator": "Q1", "mpn": "TSM2323CX RFG ", "pack": "SOT-23", "value": "TSM2323", "mount_type": "smt", "place": true}, {"pos_x": 18.4, "pos_y": 77.9, "rotation": -90.0, "side": "top", "designator": "R54", "mpn": "352118RFT", "pack": "R_2512_6332Metric", "value": "18R 1W 2512", "mount_type": "smt", "place": true}, {"pos_x": 15.225, "pos_y": 50.15, "rotation": 0.0, "side": "top", "designator": "C2", "mpn": "CL10B104KC8NNNC", "pack": "C_0603_1608Metric", "value": "100nF 100V", "mount_type": "smt", "place": true}, {"pos_x": 49.525, "pos_y": 50.15, "rotation": 0.0, "side": "top", "designator": "C9", "mpn": "CL10B104KC8NNNC", "pack": "C_0603_1608Metric", "value": "100nF 100V", "mount_type": "smt", "place": true}, {"pos_x": 37.45, "pos_y": 31.9, "rotation": 180.0, "side": "top", "designator": "C13", "mpn": "0603B101K101SD", "pack": "C_0603_1608Metric", "value": "100pF 100V", "mount_type": "smt", "place": true}, {"pos_x": 29.925, "pos_y": 50.15, "rotation": 0.0, "side": "top", "designator": "C5", "mpn": "CL10B104KC8NNNC", "pack": "C_0603_1608Metric", "value": "100nF 100V", "mount_type": "smt", "place": true}, {"pos_x": 13.6, "pos_y": 34.3, "rotation": 0.0, "side": "top", "designator": "C22", "mpn": "CL10B104KC8NNNC", "pack": "C_0603_1608Metric", "value": "100nF 100V", "mount_type": "smt", "place": true}, {"pos_x": 4.15, "pos_y": 95.8, "rotation": 0.0, "side": "top", "designator": "J5", "mpn": "N/A", "pack": "MountingHole_3.2mm_M3_ISO7380_Pad", "value": "Hole /NC", "mount_type": "tht", "place": true}, {"pos_x": 54.74, "pos_y": 39.7525, "rotation": 90.0, "side": "top", "designator": "D14", "mpn": "1N4148W-7-F", "pack": "D_SOD-123", "value": "1N4148W", "mount_type": "smt", "place": true}, {"pos_x": 48.6, "pos_y": 9.4, "rotation": 90.0, "side": "top", "designator": "F12", "mpn": "MPZ2012S102ATD25", "pack": "Fuse_0805_2012Metric", "value": "MPZ2012S102ATD25", "mount_type": "smt", "place": true}, {"pos_x": 25.045, "pos_y": 50.15, "rotation": 0.0, "side": "top", "designator": "C4", "mpn": "CL10B104KC8NNNC", "pack": "C_0603_1608Metric", "value": "100nF 100V", "mount_type": "smt", "place": true}, {"pos_x": 57.6, "pos_y": 58.0, "rotation": 90.0, "side": "top", "designator": "Q11", "mpn": "TSM2323CX RFG ", "pack": "SOT-23", "value": "TSM2323", "mount_type": "smt", "place": true}, {"pos_x": 19.0, "pos_y": 9.375, "rotation": 90.0, "side": "top", "designator": "F4", "mpn": "MPZ2012S102ATD25", "pack": "Fuse_0805_2012Metric", "value": "MPZ2012S102ATD25", "mount_type": "smt", "place": true}, {"pos_x": 44.0, "pos_y": 39.8, "rotation": 180.0, "side": "top", "designator": "C17", "mpn": "CL10B104KC8NNNC", "pack": "C_0603_1608Metric", "value": "100nF 100V", "mount_type": "smt", "place": true}, {"pos_x": 37.7, "pos_y": 51.95, "rotation": 180.0, "side": "top", "designator": "D7", "mpn": "PDZ7.5BZ", "pack": "D_SOD-323_HandSoldering", "value": "PDZ7.5B", "mount_type": "smt", "place": true}, {"pos_x": 14.5, "pos_y": 30.505, "rotation": -90.0, "side": "top", "designator": "TH4", "mpn": "MF52C1103F3380", "pack": "R_Axial_DIN0204_L3.6mm_D1.6mm_P1.90mm_Vertical", "value": "10K NTC", "mount_type": "tht", "place": true}, {"pos_x": 57.3, "pos_y": 51.95, "rotation": 180.0, "side": "top", "designator": "D11", "mpn": "PDZ7.5BZ", "pack": "D_SOD-323_HandSoldering", "value": "PDZ7.5B", "mount_type": "smt", "place": true}, {"pos_x": 41.1, "pos_y": 9.4, "rotation": 90.0, "side": "top", "designator": "F9", "mpn": "MPZ2012S102ATD25", "pack": "Fuse_0805_2012Metric", "value": "MPZ2012S102ATD25", "mount_type": "smt", "place": true}, {"pos_x": 25.6, "pos_y": 37.9375, "rotation": -90.0, "side": "top", "designator": "U1", "mpn": "LTC6811HG-1#3ZZPBF", "pack": "TSSOP-48_6.1x12.5mm_P0.5mm", "value": "LTC6811HG-1", "mount_type": "smt", "place": true}, {"pos_x": 16.6, "pos_y": 27.0, "rotation": 90.0, "side": "top", "designator": "C25", "mpn": "CL10B104KC8NNNC", "pack": "C_0603_1608Metric", "value": "100nF 100V", "mount_type": "smt", "place": true}, {"pos_x": 20.9, "pos_y": 22.2, "rotation": 0.0, "side": "top", "designator": "D16", "mpn": "LTST-C190KRKT", "pack": "LED_0603_1608Metric", "value": "LED Red", "mount_type": "smt", "place": true}, {"pos_x": 37.2, "pos_y": 18.925, "rotation": -90.0, "side": "top", "designator": "C18", "mpn": "CL10B104KC8NNNC", "pack": "C_0603_1608Metric", "value": "100nF 100V", "mount_type": "smt", "place": true}, {"pos_x": 62.5, "pos_y": 65.9, "rotation": -90.0, "side": "top", "designator": "R34", "mpn": "352118RFT", "pack": "R_2512_6332Metric", "value": "18R 1W 2512", "mount_type": "smt", "place": true}, {"pos_x": 20.925, "pos_y": 18.95, "rotation": 180.0, "side": "top", "designator": "C20", "mpn": "0603B105K250XD", "pack": "C_0603_1608Metric", "value": "1uF 25V", "mount_type": "smt", "place": true}, {"pos_x": 34.775, "pos_y": 50.15, "rotation": 0.0, "side": "top", "designator": "C6", "mpn": "CL10B104KC8NNNC", "pack": "C_0603_1608Metric", "value": "100nF 100V", "mount_type": "smt", "place": true}, {"pos_x": 13.5875, "pos_y": 32.7, "rotation": 0.0, "side": "top", "designator": "C23", "mpn": "CL10B104KC8NNNC", "pack": "C_0603_1608Metric", "value": "100nF 100V", "mount_type": "smt", "place": true}, {"pos_x": 18.4, "pos_y": 65.9, "rotation": -90.0, "side": "top", "designator": "R7", "mpn": "352118RFT", "pack": "R_2512_6332Metric", "value": "18R 1W 2512", "mount_type": "smt", "place": true}, {"pos_x": 43.6, "pos_y": 9.4, "rotation": 90.0, "side": "top", "designator": "F10", "mpn": "MPZ2012S102ATD25", "pack": "Fuse_0805_2012Metric", "value": "MPZ2012S102ATD25", "mount_type": "smt", "place": true}, {"pos_x": 33.1, "pos_y": 77.9, "rotation": -90.0, "side": "top", "designator": "R57", "mpn": "352118RFT", "pack": "R_2512_6332Metric", "value": "18R 1W 2512", "mount_type": "smt", "place": true}, {"pos_x": 47.8, "pos_y": 58.0, "rotation": 90.0, "side": "top", "designator": "Q9", "mpn": "TSM2323CX RFG ", "pack": "SOT-23", "value": "TSM2323", "mount_type": "smt", "place": true}, {"pos_x": 20.075, "pos_y": 50.15, "rotation": 0.0, "side": "top", "designator": "C3", "mpn": "CL10B104KC8NNNC", "pack": "C_0603_1608Metric", "value": "100nF 100V", "mount_type": "smt", "place": true}, {"pos_x": 62.5, "pos_y": 58.0, "rotation": 90.0, "side": "top", "designator": "Q12", "mpn": "TSM2323CX RFG ", "pack": "SOT-23", "value": "TSM2323", "mount_type": "smt", "place": true}, {"pos_x": 37.45, "pos_y": 25.85, "rotation": 180.0, "side": "top", "designator": "C14", "mpn": "0603B101K101SD", "pack": "C_0603_1608Metric", "value": "100pF 100V", "mount_type": "smt", "place": true}, {"pos_x": 8.7, "pos_y": 65.9375, "rotation": -90.0, "side": "top", "designator": "R1", "mpn": "352118RFT", "pack": "R_2512_6332Metric", "value": "18R 1W 2512", "mount_type": "smt", "place": true}, {"pos_x": 8.7, "pos_y": 77.9375, "rotation": -90.0, "side": "top", "designator": "R52", "mpn": "352118RFT", "pack": "R_2512_6332Metric", "value": "18R 1W 2512", "mount_type": "smt", "place": true}, {"pos_x": 14.0, "pos_y": 9.375, "rotation": 90.0, "side": "top", "designator": "F2", "mpn": "MPZ2012S102ATD25", "pack": "Fuse_0805_2012Metric", "value": "MPZ2012S102ATD25", "mount_type": "smt", "place": true}, {"pos_x": 21.75, "pos_y": 28.205, "rotation": -90.0, "side": "top", "designator": "C15", "mpn": "0603B105K250XD", "pack": "C_0603_1608Metric", "value": "1uF 25V", "mount_type": "smt", "place": true}, {"pos_x": 38.7, "pos_y": 97.2, "rotation": 180.0, "side": "bottom", "designator": "LOGO1", "mpn": null, "pack": "teTra-LOGO", "value": "teTra", "mount_type": "smt", "place": false}]