[{"pos_x": 98.06, "pos_y": 50.59, "rotation": 0.0, "side": "top", "designator": "C53", "mpn": "0603B101K101SD", "pack": "C_0603_1608Metric", "value": "100pF/100V", "mount_type": "smt", "place": true}, {"pos_x": 69.1, "pos_y": 29.3, "rotation": 90.0, "side": "top", "designator": "R17", "mpn": "CRCW06031K00FKEA", "pack": "R_0603_1608Metric", "value": "1K", "mount_type": "smt", "place": true}, {"pos_x": 125.55, "pos_y": 26.05, "rotation": 0.0, "side": "top", "designator": "R102", "mpn": "RC0603FR-07100RL", "pack": "R_0603_1608Metric", "value": "100R", "mount_type": "smt", "place": true}, {"pos_x": 134.875, "pos_y": 36.2, "rotation": 180.0, "side": "top", "designator": "R95", "mpn": "RTT25360JTE", "pack": "R_2512_6332Metric", "value": "36R 1W 2512", "mount_type": "smt", "place": true}, {"pos_x": 46.25, "pos_y": 64.45, "rotation": 90.0, "side": "top", "designator": "R47", "mpn": "RC0603JR-071K2L", "pack": "R_0603_1608Metric", "value": "1.2K", "mount_type": "smt", "place": true}, {"pos_x": 89.4, "pos_y": 69.93, "rotation": -90.0, "side": "top", "designator": "D3", "mpn": "LTST-C190KRKT", "pack": "LED_0603_1608Metric", "value": "LED Red", "mount_type": "smt", "place": true}, {"pos_x": 129.05, "pos_y": 45.5, "rotation": 0.0, "side": "top", "designator": "Q10", "mpn": "TSM2323CX RFG ", "pack": "SOT-23", "value": "TSM2323", "mount_type": "smt", "place": true}, {"pos_x": 123.2, "pos_y": 39.025, "rotation": -90.0, "side": "top", "designator": "C67", "mpn": "CL10B104KC8NNNC", "pack": "C_0603_1608Metric", "value": "100nF/100V", "mount_type": "smt", "place": true}, {"pos_x": 94.5, "pos_y": 70.65, "rotation": 90.0, "side": "top", "designator": "Q2", "mpn": "NSV1C201MZ4T1G", "pack": "SOT-223", "value": "NSV1C201MZ4", "mount_type": "smt", "place": true}, {"pos_x": 85.25, "pos_y": 38.9525, "rotation": -90.0, "side": "top", "designator": "R15", "mpn": "ERJ-PB6B1001V", "pack": "R_0805_2012Metric", "value": "1K\u03a9 \u00b10.1% 250mW", "mount_type": "smt", "place": true}, {"pos_x": 26.2, "pos_y": 28.1, "rotation": -90.0, "side": "top", "designator": "R8", "mpn": "RC0603JR-074K7L", "pack": "R_0603_1608Metric", "value": "4.7K", "mount_type": "smt", "place": true}, {"pos_x": 125.5, "pos_y": 69.65, "rotation": 0.0, "side": "top", "designator": "R76", "mpn": "RC0603FR-073K3L", "pack": "R_0603_1608Metric", "value": "3.3K", "mount_type": "smt", "place": true}, {"pos_x": 53.9, "pos_y": 87.1019, "rotation": 180.0, "side": "top", "designator": "J4", "mpn": "2013499-1", "pack": "Micro_USB_B-2013499-1", "value": "USB", "mount_type": "smt", "place": true}, {"pos_x": 129.0125, "pos_y": 64.1, "rotation": 0.0, "side": "top", "designator": "Q6", "mpn": "TSM2323CX RFG ", "pack": "SOT-23", "value": "TSM2323", "mount_type": "smt", "place": true}, {"pos_x": 86.175, "pos_y": 41.765, "rotation": 180.0, "side": "top", "designator": "R14", "mpn": "ERJ-PB6B4703V", "pack": "R_0805_2012Metric", "value": "470K\u03a9 \u00b10.1% 250mW", "mount_type": "smt", "place": true}, {"pos_x": 39.7, "pos_y": 39.285, "rotation": -90.0, "side": "top", "designator": "R7", "mpn": "RC0603JR-074K7L", "pack": "R_0603_1608Metric", "value": "4.7K", "mount_type": "smt", "place": true}, {"pos_x": 71.9, "pos_y": 12.5, "rotation": 180.0, "side": "top", "designator": "R13", "mpn": "PSR500HTQFB0L10", "pack": "R_PSR500HTQFB0L10_Metric_Pad5.2x8.75mm_HandSolder", "value": "0.1MR  1% 15W ", "mount_type": "smt", "place": true}, {"pos_x": 125.55, "pos_y": 32.55, "rotation": 0.0, "side": "top", "designator": "R100", "mpn": "RC0603FR-073K3L", "pack": "R_0603_1608Metric", "value": "3.3K", "mount_type": "smt", "place": true}, {"pos_x": 145.0, "pos_y": 85.0, "rotation": 0.0, "side": "top", "designator": "J9", "mpn": "N/A", "pack": "MountingHole_3.2mm_M3_ISO7380_Pad", "value": "Hole /NC", "mount_type": "tht", "place": true}, {"pos_x": 145.575, "pos_y": 55.4375, "rotation": 90.0, "side": "top", "designator": "J14", "mpn": "B7B-XH-A", "pack": "JST_XH_B7B-XH-A_1x07_P2.50mm_Vertical_BAT_6S", "value": "B7B-XH-A", "mount_type": "tht", "place": true}, {"pos_x": 125.55, "pos_y": 35.25, "rotation": 0.0, "side": "top", "designator": "R96", "mpn": "RC0603FR-07100RL", "pack": "R_0603_1608Metric", "value": "100R", "mount_type": "smt", "place": true}, {"pos_x": 140.675, "pos_y": 45.5, "rotation": 180.0, "side": "top", "designator": "F6", "mpn": "MPZ2012S102ATD25", "pack": "Fuse_0805_2012Metric", "value": "MPZ2012S102ATD25", "mount_type": "smt", "place": true}, {"pos_x": 140.675, "pos_y": 31.6, "rotation": 180.0, "side": "top", "designator": "F3", "mpn": "MPZ2012S102ATD25", "pack": "Fuse_0805_2012Metric", "value": "MPZ2012S102ATD25", "mount_type": "smt", "place": true}, {"pos_x": 99.36, "pos_y": 72.79, "rotation": 180.0, "side": "top", "designator": "TP3", "mpn": null, "pack": "TestPoint_Pad_D1.0mm", "value": "TestPoint", "mount_type": "tht", "place": true}, {"pos_x": 50.08, "pos_y": 36.85, "rotation": -90.0, "side": "top", "designator": "C19", "mpn": "CL10B104KC8NNNC", "pack": "C_0603_1608Metric", "value": "100nF/100V", "mount_type": "smt", "place": true}, {"pos_x": 56.295, "pos_y": 35.325, "rotation": -90.0, "side": "top", "designator": "C16", "mpn": "GCM1885C1H221JA16D", "pack": "C_0603_1608Metric", "value": "220pF/50V", "mount_type": "smt", "place": true}, {"pos_x": 61.9, "pos_y": 39.39, "rotation": -90.0, "side": "top", "designator": "C12", "mpn": "GRM188R61E225KA12D", "pack": "C_0603_1608Metric", "value": "2.2uF/25V", "mount_type": "smt", "place": true}, {"pos_x": 125.55, "pos_y": 30.65, "rotation": 0.0, "side": "top", "designator": "R99", "mpn": "RC0603FR-07100RL", "pack": "R_0603_1608Metric", "value": "100R", "mount_type": "smt", "place": true}, {"pos_x": 64.8, "pos_y": 70.83, "rotation": -90.0, "side": "top", "designator": "C13", "mpn": "CL21A106KOQNNNE", "pack": "C_0805_2012Metric", "value": "10uF/16V", "mount_type": "smt", "place": true}, {"pos_x": 114.0, "pos_y": 60.7, "rotation": 0.0, "side": "top", "designator": "TP4", "mpn": null, "pack": "TestPoint_Pad_D1.0mm", "value": "TestPoint", "mount_type": "tht", "place": true}, {"pos_x": 121.375, "pos_y": 59.4, "rotation": 90.0, "side": "top", "designator": "D17", "mpn": "PDZ7.5BZ", "pack": "D_SOD-323_HandSoldering", "value": "PDZ7.5B", "mount_type": "smt", "place": true}, {"pos_x": 121.3625, "pos_y": 77.75, "rotation": 90.0, "side": "top", "designator": "D13", "mpn": "PDZ7.5BZ", "pack": "D_SOD-323_HandSoldering", "value": "PDZ7.5B", "mount_type": "smt", "place": true}, {"pos_x": 125.5, "pos_y": 78.8, "rotation": 0.0, "side": "top", "designator": "R70", "mpn": "RC0603FR-073K3L", "pack": "R_0603_1608Metric", "value": "3.3K", "mount_type": "smt", "place": true}, {"pos_x": 123.15, "pos_y": 62.4, "rotation": -90.0, "side": "top", "designator": "C62", "mpn": "CL10B104KC8NNNC", "pack": "C_0603_1608Metric", "value": "100nF/100V", "mount_type": "smt", "place": true}, {"pos_x": 110.1875, "pos_y": 63.32, "rotation": -90.0, "side": "top", "designator": "R63", "mpn": "RC0603JR-07100KL", "pack": "R_0603_1608Metric", "value": "100K", "mount_type": "smt", "place": true}, {"pos_x": 58.1, "pos_y": 41.74, "rotation": 180.0, "side": "top", "designator": "R27", "mpn": "CRCW06031K00FKEA", "pack": "R_0603_1608Metric", "value": "1K", "mount_type": "smt", "place": true}, {"pos_x": 134.875, "pos_y": 40.75, "rotation": 180.0, "side": "top", "designator": "R92", "mpn": "RTT25360JTE", "pack": "R_2512_6332Metric", "value": "36R 1W 2512", "mount_type": "smt", "place": true}, {"pos_x": 129.0, "pos_y": 73.3, "rotation": 0.0, "side": "top", "designator": "Q4", "mpn": "TSM2323CX RFG ", "pack": "SOT-23", "value": "TSM2323", "mount_type": "smt", "place": true}, {"pos_x": 5.0, "pos_y": 5.0, "rotation": 90.0, "side": "top", "designator": "J12", "mpn": "N/A", "pack": "MountingHole_3.2mm_M3_ISO7380_Pad", "value": "Hole /NC", "mount_type": "tht", "place": true}, {"pos_x": 60.5, "pos_y": 42.49, "rotation": -90.0, "side": "top", "designator": "C15", "mpn": "C0603C222K4RECAUTO", "pack": "C_0603_1608Metric", "value": "2.2nF/16V", "mount_type": "smt", "place": true}, {"pos_x": 123.15, "pos_y": 67.0, "rotation": -90.0, "side": "top", "designator": "C61", "mpn": "CL10B104KC8NNNC", "pack": "C_0603_1608Metric", "value": "100nF/100V", "mount_type": "smt", "place": true}, {"pos_x": 45.52, "pos_y": 43.795, "rotation": 0.0, "side": "top", "designator": "U5", "mpn": "OPA2197IDR", "pack": "SOIC-8_3.9x4.9mm_Pitch1.27mm", "value": "OPA2197IDR", "mount_type": "smt", "place": true}, {"pos_x": 100.66, "pos_y": 50.59, "rotation": 90.0, "side": "top", "designator": "R61", "mpn": "RC0603FR-07100RL", "pack": "R_0603_1608Metric", "value": "100R", "mount_type": "smt", "place": true}, {"pos_x": 100.6, "pos_y": 42.8, "rotation": -90.0, "side": "top", "designator": "R60", "mpn": "RC0603FR-07806RL", "pack": "R_0603_1608Metric", "value": "806R", "mount_type": "smt", "place": true}, {"pos_x": 51.03, "pos_y": 61.325, "rotation": 90.0, "side": "top", "designator": "R45", "mpn": "RC0603JR-0751RL", "pack": "R_0603_1608Metric", "value": "51R", "mount_type": "smt", "place": true}, {"pos_x": 112.61, "pos_y": 73.065, "rotation": -90.0, "side": "top", "designator": "TH2", "mpn": "MF52C1104F4150", "pack": "R_Axial_DIN0204_L3.6mm_D1.6mm_P1.90mm_Vertical", "value": "100K NTC", "mount_type": "tht", "place": true}, {"pos_x": 79.5, "pos_y": 42.59, "rotation": 90.0, "side": "top", "designator": "C7", "mpn": "GRM188R72A331KA01D", "pack": "C_0603_1608Metric", "value": "330pF/100V", "mount_type": "smt", "place": true}, {"pos_x": 121.41, "pos_y": 45.5425, "rotation": 90.0, "side": "top", "designator": "D20", "mpn": "PDZ7.5BZ", "pack": "D_SOD-323_HandSoldering", "value": "PDZ7.5B", "mount_type": "smt", "place": true}, {"pos_x": 121.375, "pos_y": 40.7, "rotation": 90.0, "side": "top", "designator": "D21", "mpn": "PDZ7.5BZ", "pack": "D_SOD-323_HandSoldering", "value": "PDZ7.5B", "mount_type": "smt", "place": true}, {"pos_x": 58.1, "pos_y": 43.29, "rotation": 180.0, "side": "top", "designator": "R26", "mpn": "CRCW06031K00FKEA", "pack": "R_0603_1608Metric", "value": "1K", "mount_type": "smt", "place": true}, {"pos_x": 62.8, "pos_y": 43.29, "rotation": 0.0, "side": "top", "designator": "R22", "mpn": "RC0603FR-07100RL", "pack": "R_0603_1608Metric", "value": "100R", "mount_type": "smt", "place": true}, {"pos_x": 107.97, "pos_y": 63.33, "rotation": -90.0, "side": "top", "designator": "R64", "mpn": "RC0603JR-07100KL", "pack": "R_0603_1608Metric", "value": "100K", "mount_type": "smt", "place": true}, {"pos_x": 8.75, "pos_y": 75.35, "rotation": 90.0, "side": "top", "designator": "C33", "mpn": "CL10B104KC8NNNC", "pack": "C_0603_1608Metric", "value": "100nF/100V", "mount_type": "smt", "place": true}, {"pos_x": 58.2, "pos_y": 71.005, "rotation": -90.0, "side": "top", "designator": "C25", "mpn": "CL10B104KC8NNNC", "pack": "C_0603_1608Metric", "value": "100nF/100V", "mount_type": "smt", "place": true}, {"pos_x": 63.195, "pos_y": 34.525, "rotation": 0.0, "side": "top", "designator": "R21", "mpn": "RC0603FR-07100RL", "pack": "R_0603_1608Metric", "value": "100R", "mount_type": "smt", "place": true}, {"pos_x": 71.9, "pos_y": 31.225, "rotation": 180.0, "side": "top", "designator": "C4", "mpn": "GRM188R72A331KA01D", "pack": "C_0603_1608Metric", "value": "330pF/100V", "mount_type": "smt", "place": true}, {"pos_x": 86.8, "pos_y": 12.5, "rotation": 180.0, "side": "top", "designator": "BAT1", "mpn": null, "pack": "Battery_6mm\u00d710mm_Cell_half_2", "value": "BAT-", "mount_type": "tht", "place": true}, {"pos_x": 106.39, "pos_y": 66.45, "rotation": 90.0, "side": "top", "designator": "C57", "mpn": "CL10B104KC8NNNC", "pack": "C_0603_1608Metric", "value": "100nF/100V", "mount_type": "smt", "place": true}, {"pos_x": 106.16, "pos_y": 30.39, "rotation": 180.0, "side": "top", "designator": "TR4", "mpn": "HM2108NL", "pack": "HM2108NL", "value": "HM2108NL", "mount_type": "smt", "place": true}, {"pos_x": 46.8, "pos_y": 72.5, "rotation": 180.0, "side": "top", "designator": "R50", "mpn": "RC0603JR-070RL", "pack": "R_0603_1608Metric", "value": "0", "mount_type": "smt", "place": true}, {"pos_x": 113.8, "pos_y": 40.375, "rotation": 90.0, "side": "top", "designator": "R54", "mpn": "RC0603FR-07100RL", "pack": "R_0603_1608Metric", "value": "100R", "mount_type": "smt", "place": true}, {"pos_x": 56.2, "pos_y": 70.83, "rotation": -90.0, "side": "top", "designator": "C27", "mpn": "CL21A106KOQNNNE", "pack": "C_0805_2012Metric", "value": "10uF/16V", "mount_type": "smt", "place": true}, {"pos_x": 97.575, "pos_y": 62.03, "rotation": 0.0, "side": "top", "designator": "C50", "mpn": "0603B105K250XD", "pack": "C_0603_1608Metric", "value": "1uF/25V", "mount_type": "smt", "place": true}, {"pos_x": 123.19, "pos_y": 48.515, "rotation": -90.0, "side": "top", "designator": "C65", "mpn": "CL10B104KC8NNNC", "pack": "C_0603_1608Metric", "value": "100nF/100V", "mount_type": "smt", "place": true}, {"pos_x": 87.5, "pos_y": 50.6, "rotation": 90.0, "side": "top", "designator": "TR3", "mpn": "HM2108NL", "pack": "HM2108NL", "value": "HM2108NL", "mount_type": "smt", "place": true}, {"pos_x": 140.7375, "pos_y": 23.8, "rotation": 180.0, "side": "top", "designator": "F1", "mpn": "MPZ2012S102ATD25", "pack": "Fuse_0805_2012Metric", "value": "MPZ2012S102ATD25", "mount_type": "smt", "place": true}, {"pos_x": 97.575, "pos_y": 65.2, "rotation": 0.0, "side": "top", "designator": "C52", "mpn": "0603B105K250XD", "pack": "C_0603_1608Metric", "value": "1uF/25V", "mount_type": "smt", "place": true}, {"pos_x": 89.6875, "pos_y": 41.765, "rotation": 180.0, "side": "top", "designator": "R12", "mpn": "ERJ-PB6B4703V", "pack": "R_0805_2012Metric", "value": "470K\u03a9 \u00b10.1% 250mW", "mount_type": "smt", "place": true}, {"pos_x": 51.9, "pos_y": 78.6, "rotation": 180.0, "side": "top", "designator": "R51", "mpn": "RMCF0603FT10K0", "pack": "R_0603_1608Metric", "value": "10K", "mount_type": "smt", "place": true}, {"pos_x": 125.5, "pos_y": 44.55, "rotation": 0.0, "side": "top", "designator": "R90", "mpn": "RC0603FR-07100RL", "pack": "R_0603_1608Metric", "value": "100R", "mount_type": "smt", "place": true}, {"pos_x": 43.95, "pos_y": 60.6, "rotation": 0.0, "side": "top", "designator": "U9", "mpn": "LTC6820IMS#PBF ", "pack": "MSOP-16_3x4mm_P0.5mm", "value": "LTC6820", "mount_type": "smt", "place": true}, {"pos_x": 125.5, "pos_y": 41.7, "rotation": 0.0, "side": "top", "designator": "R94", "mpn": "RC0603FR-073K3L", "pack": "R_0603_1608Metric", "value": "3.3K", "mount_type": "smt", "place": true}, {"pos_x": 80.05, "pos_y": 74.28, "rotation": 180.0, "side": "top", "designator": "D5", "mpn": "MBR0520-TP", "pack": "D_SOD-123", "value": "MBR0520", "mount_type": "smt", "place": true}, {"pos_x": 134.875, "pos_y": 68.7, "rotation": 180.0, "side": "top", "designator": "R74", "mpn": "RTT25360JTE", "pack": "R_2512_6332Metric", "value": "36R 1W 2512", "mount_type": "smt", "place": true}, {"pos_x": 121.425, "pos_y": 54.95, "rotation": 90.0, "side": "top", "designator": "D18", "mpn": "PDZ7.5BZ", "pack": "D_SOD-323_HandSoldering", "value": "PDZ7.5B", "mount_type": "smt", "place": true}, {"pos_x": 125.5, "pos_y": 63.2, "rotation": 0.0, "side": "top", "designator": "R78", "mpn": "RC0603FR-07100RL", "pack": "R_0603_1608Metric", "value": "100R", "mount_type": "smt", "place": true}, {"pos_x": 123.2, "pos_y": 29.885, "rotation": -90.0, "side": "top", "designator": "C69", "mpn": "CL10B104KC8NNNC", "pack": "C_0603_1608Metric", "value": "100nF/100V", "mount_type": "smt", "place": true}, {"pos_x": 102.705, "pos_y": 63.288947, "rotation": 90.0, "side": "top", "designator": "C47", "mpn": "0603B105K250XD", "pack": "C_0603_1608Metric", "value": "1uF/25V", "mount_type": "smt", "place": true}, {"pos_x": 94.5, "pos_y": 57.3, "rotation": 90.0, "side": "top", "designator": "R55", "mpn": "RC0603JR-070RL", "pack": "R_0603_1608Metric", "value": "0", "mount_type": "smt", "place": true}, {"pos_x": 125.5, "pos_y": 51.2, "rotation": 0.0, "side": "top", "designator": "R88", "mpn": "RC0603FR-073K3L", "pack": "R_0603_1608Metric", "value": "3.3K", "mount_type": "smt", "place": true}, {"pos_x": 140.675, "pos_y": 40.7, "rotation": 180.0, "side": "top", "designator": "F5", "mpn": "MPZ2012S102ATD25", "pack": "Fuse_0805_2012Metric", "value": "MPZ2012S102ATD25", "mount_type": "smt", "place": true}, {"pos_x": 121.3625, "pos_y": 73.2, "rotation": 90.0, "side": "top", "designator": "D14", "mpn": "PDZ7.5BZ", "pack": "D_SOD-323_HandSoldering", "value": "PDZ7.5B", "mount_type": "smt", "place": true}, {"pos_x": 107.9575, "pos_y": 5.2, "rotation": 180.0, "side": "top", "designator": "J15", "mpn": "B2P-VH", "pack": "JST_VH_B2P-VH-B_1x02_P3.96mm_Vertical", "value": "PB MB", "mount_type": "tht", "place": true}, {"pos_x": 134.925, "pos_y": 59.45, "rotation": 180.0, "side": "top", "designator": "R80", "mpn": "RTT25360JTE", "pack": "R_2512_6332Metric", "value": "36R 1W 2512", "mount_type": "smt", "place": true}, {"pos_x": 125.5, "pos_y": 53.9, "rotation": 0.0, "side": "top", "designator": "R84", "mpn": "RC0603FR-07100RL", "pack": "R_0603_1608Metric", "value": "100R", "mount_type": "smt", "place": true}, {"pos_x": 134.15, "pos_y": 20.55, "rotation": -90.0, "side": "top", "designator": "D9", "mpn": "1N4148W-7-F", "pack": "D_SOD-123", "value": "1N4148W", "mount_type": "smt", "place": true}, {"pos_x": 53.995, "pos_y": 36.125, "rotation": 0.0, "side": "top", "designator": "R30", "mpn": "RC0603FR-073K3L", "pack": "R_0603_1608Metric", "value": "3.3K", "mount_type": "smt", "place": true}, {"pos_x": 83.5, "pos_y": 71.005, "rotation": -90.0, "side": "top", "designator": "C2", "mpn": "CL10B104KC8NNNC", "pack": "C_0603_1608Metric", "value": "100nF/100V", "mount_type": "smt", "place": true}, {"pos_x": 7.3, "pos_y": 58.8, "rotation": 0.0, "side": "top", "designator": "R2", "mpn": "RC0603JR-07470RL", "pack": "R_0603_1608Metric", "value": "470R", "mount_type": "smt", "place": true}, {"pos_x": 129.05, "pos_y": 59.45, "rotation": 0.0, "side": "top", "designator": "Q7", "mpn": "TSM2323CX RFG ", "pack": "SOT-23", "value": "TSM2323", "mount_type": "smt", "place": true}, {"pos_x": 125.5, "pos_y": 60.4, "rotation": 0.0, "side": "top", "designator": "R82", "mpn": "RC0603FR-073K3L", "pack": "R_0603_1608Metric", "value": "3.3K", "mount_type": "smt", "place": true}, {"pos_x": 37.1, "pos_y": 32.5, "rotation": 90.0, "side": "top", "designator": "R35", "mpn": "RC0603JR-074K7L", "pack": "R_0603_1608Metric", "value": "4.7K", "mount_type": "smt", "place": true}, {"pos_x": 125.5, "pos_y": 55.7, "rotation": 0.0, "side": "top", "designator": "R85", "mpn": "RC0603FR-073K3L", "pack": "R_0603_1608Metric", "value": "3.3K", "mount_type": "smt", "place": true}, {"pos_x": 51.75, "pos_y": 74.8625, "rotation": 180.0, "side": "top", "designator": "U10", "mpn": "CP2104-F03-GM", "pack": "HVQFN-24-1EP_4x4mm_P0.5mm_EP2.6x2.6mm", "value": "CP2104", "mount_type": "smt", "place": true}, {"pos_x": 53.5, "pos_y": 43.29, "rotation": 180.0, "side": "top", "designator": "R28", "mpn": "RC0603JR-075K6L", "pack": "R_0603_1608Metric", "value": "5.6K", "mount_type": "smt", "place": true}, {"pos_x": 51.6, "pos_y": 81.1, "rotation": 180.0, "side": "top", "designator": "D7", "mpn": "ESD24VS2UE6327HTSA1", "pack": "SOT-23", "value": "ESD24VS2U", "mount_type": "smt", "place": true}, {"pos_x": 129.075, "pos_y": 54.85, "rotation": 0.0, "side": "top", "designator": "Q8", "mpn": "TSM2323CX RFG ", "pack": "SOT-23", "value": "TSM2323", "mount_type": "smt", "place": true}, {"pos_x": 100.6, "pos_y": 45.9, "rotation": -90.0, "side": "top", "designator": "R59", "mpn": "RC0603JR-071K2L", "pack": "R_0603_1608Metric", "value": "1.2K", "mount_type": "smt", "place": true}, {"pos_x": 41.57, "pos_y": 63.8, "rotation": 180.0, "side": "top", "designator": "R48", "mpn": "RC0603FR-072KL", "pack": "R_0603_1608Metric", "value": "2K", "mount_type": "smt", "place": true}, {"pos_x": 8.38, "pos_y": 62.15, "rotation": -90.0, "side": "top", "designator": "R5", "mpn": "RC0603JR-071K5L", "pack": "R_0603_1608Metric", "value": "1.5K", "mount_type": "smt", "place": true}, {"pos_x": 125.5, "pos_y": 65.0, "rotation": 0.0, "side": "top", "designator": "R79", "mpn": "RC0603FR-073K3L", "pack": "R_0603_1608Metric", "value": "3.3K", "mount_type": "smt", "place": true}, {"pos_x": 140.625, "pos_y": 64.1, "rotation": 180.0, "side": "top", "designator": "F11", "mpn": "MPZ2012S102ATD25", "pack": "Fuse_0805_2012Metric", "value": "MPZ2012S102ATD25", "mount_type": "smt", "place": true}, {"pos_x": 96.1, "pos_y": 57.3, "rotation": 90.0, "side": "top", "designator": "R56", "mpn": "RC0603JR-071ML", "pack": "R_0603_1608Metric", "value": "1M", "mount_type": "smt", "place": true}, {"pos_x": 96.775, "pos_y": 43.8, "rotation": 180.0, "side": "top", "designator": "R53", "mpn": "RC0603FR-07100RL", "pack": "R_0603_1608Metric", "value": "100R", "mount_type": "smt", "place": true}, {"pos_x": 145.0, "pos_y": 5.0, "rotation": 0.0, "side": "top", "designator": "J10", "mpn": "N/A", "pack": "MountingHole_3.2mm_M3_ISO7380_Pad", "value": "Hole /NC", "mount_type": "tht", "place": true}, {"pos_x": 71.9, "pos_y": 42.535, "rotation": 180.0, "side": "top", "designator": "U3", "mpn": "AMC1301DWV", "pack": "SSO-8_6.8x5.9mm_P1.27mm_Clearance8mm", "value": "AMC1301", "mount_type": "smt", "place": true}, {"pos_x": 110.19, "pos_y": 66.47, "rotation": 90.0, "side": "top", "designator": "C55", "mpn": "CL10B104KC8NNNC", "pack": "C_0603_1608Metric", "value": "100nF/100V", "mount_type": "smt", "place": true}, {"pos_x": 128.95, "pos_y": 68.7, "rotation": 0.0, "side": "top", "designator": "Q5", "mpn": "TSM2323CX RFG ", "pack": "SOT-23", "value": "TSM2323", "mount_type": "smt", "place": true}, {"pos_x": 134.8625, "pos_y": 77.85, "rotation": 180.0, "side": "top", "designator": "R68", "mpn": "RTT25360JTE", "pack": "R_2512_6332Metric", "value": "36R 1W 2512", "mount_type": "smt", "place": true}, {"pos_x": 7.3, "pos_y": 53.7, "rotation": 0.0, "side": "top", "designator": "J6", "mpn": "G800W304018EU", "pack": "PinHeader_1x04_P2.54mm_Vertical", "value": "JTAG /NC", "mount_type": "tht", "place": true}, {"pos_x": 22.22, "pos_y": 26.34, "rotation": -90.0, "side": "top", "designator": "C24", "mpn": "CL21A106KOQNNNE", "pack": "C_0805_2012Metric", "value": "10uF/16V", "mount_type": "smt", "place": true}, {"pos_x": 129.05, "pos_y": 50.2, "rotation": 0.0, "side": "top", "designator": "Q9", "mpn": "TSM2323CX RFG ", "pack": "SOT-23", "value": "TSM2323", "mount_type": "smt", "place": true}, {"pos_x": 61.5, "pos_y": 71.78, "rotation": 180.0, "side": "top", "designator": "U4", "mpn": "SN6501DBVR", "pack": "SOT-23-5", "value": "SN6501DBV", "mount_type": "smt", "place": true}, {"pos_x": 58.595, "pos_y": 34.525, "rotation": 180.0, "side": "top", "designator": "R25", "mpn": "CRCW06031K00FKEA", "pack": "R_0603_1608Metric", "value": "1K", "mount_type": "smt", "place": true}, {"pos_x": 107.7175, "pos_y": 73.075, "rotation": -90.0, "side": "top", "designator": "TH4", "mpn": "MF52C1104F4150", "pack": "R_Axial_DIN0204_L3.6mm_D1.6mm_P1.90mm_Vertical", "value": "100K NTC", "mount_type": "tht", "place": true}, {"pos_x": 56.2, "pos_y": 82.2, "rotation": 0.0, "side": "top", "designator": "C40", "mpn": "CL10B104KC8NNNC", "pack": "C_0603_1608Metric", "value": "100nF/100V", "mount_type": "smt", "place": true}, {"pos_x": 86.55, "pos_y": 69.13, "rotation": -90.0, "side": "top", "designator": "U1", "mpn": "TPS76350DBVR", "pack": "SOT-23-5", "value": "TPS76350", "mount_type": "smt", "place": true}, {"pos_x": 81.875, "pos_y": 41.765, "rotation": 180.0, "side": "top", "designator": "R19", "mpn": "RC0603JR-0710RL", "pack": "R_0603_1608Metric", "value": "10R", "mount_type": "smt", "place": true}, {"pos_x": 42.3, "pos_y": 68.86, "rotation": 180.0, "side": "top", "designator": "J5", "mpn": "G800W304018EU", "pack": "PinHeader_1x04_P2.54mm_Vertical", "value": "UART /NC", "mount_type": "tht", "place": true}, {"pos_x": 48.5, "pos_y": 33.4, "rotation": 90.0, "side": "top", "designator": "C18", "mpn": "CL10B104KC8NNNC", "pack": "C_0603_1608Metric", "value": "100nF/100V", "mount_type": "smt", "place": true}, {"pos_x": 140.59, "pos_y": 77.5, "rotation": 180.0, "side": "top", "designator": "F14", "mpn": "MPZ2012S102ATD25", "pack": "Fuse_0805_2012Metric", "value": "MPZ2012S102ATD25", "mount_type": "smt", "place": true}, {"pos_x": 10.43, "pos_y": 34.65, "rotation": 0.0, "side": "top", "designator": "U8", "mpn": "ESP32-DEVKITC-32E", "pack": "ESP32-DevKitc V4_DIP-38_27.9mm\u00d748.2mm", "value": "ESP32-DevKitC V4", "mount_type": "tht", "place": true}, {"pos_x": 46.8, "pos_y": 74.6, "rotation": 180.0, "side": "top", "designator": "C39", "mpn": "CL10A475KO8NNNC", "pack": "C_0603_1608Metric", "value": "4.7uF/16V", "mount_type": "smt", "place": true}, {"pos_x": 121.375, "pos_y": 36.15, "rotation": 90.0, "side": "top", "designator": "D22", "mpn": "PDZ7.5BZ", "pack": "D_SOD-323_HandSoldering", "value": "PDZ7.5B", "mount_type": "smt", "place": true}, {"pos_x": 121.375, "pos_y": 27.1, "rotation": 90.0, "side": "top", "designator": "D24", "mpn": "PDZ7.5BZ", "pack": "D_SOD-323_HandSoldering", "value": "PDZ7.5B", "mount_type": "smt", "place": true}, {"pos_x": 125.5, "pos_y": 49.2875, "rotation": 0.0, "side": "top", "designator": "R87", "mpn": "RC0603FR-07100RL", "pack": "R_0603_1608Metric", "value": "100R", "mount_type": "smt", "place": true}, {"pos_x": 4.3, "pos_y": 33.4725, "rotation": 90.0, "side": "top", "designator": "J1", "mpn": "B2P-VH", "pack": "JST_VH_B2P-VH-B_1x02_P3.96mm_Vertical", "value": "PB MB", "mount_type": "tht", "place": true}, {"pos_x": 55.8, "pos_y": 42.54, "rotation": -90.0, "side": "top", "designator": "C17", "mpn": "GCM1885C1H221JA16D", "pack": "C_0603_1608Metric", "value": "220pF/50V", "mount_type": "smt", "place": true}, {"pos_x": 7.2, "pos_y": 78.4, "rotation": 90.0, "side": "top", "designator": "C32", "mpn": "CL10B104KC8NNNC", "pack": "C_0603_1608Metric", "value": "100nF/100V", "mount_type": "smt", "place": true}, {"pos_x": 8.75, "pos_y": 78.4, "rotation": -90.0, "side": "top", "designator": "R43", "mpn": "RMCF0603FT10K0", "pack": "R_0603_1608Metric", "value": "10K", "mount_type": "smt", "place": true}, {"pos_x": 81.1, "pos_y": 44.09, "rotation": 90.0, "side": "top", "designator": "R18", "mpn": "CRCW06031K00FKEA", "pack": "R_0603_1608Metric", "value": "1K", "mount_type": "smt", "place": true}, {"pos_x": 121.375, "pos_y": 64.15, "rotation": 90.0, "side": "top", "designator": "D16", "mpn": "PDZ7.5BZ", "pack": "D_SOD-323_HandSoldering", "value": "PDZ7.5B", "mount_type": "smt", "place": true}, {"pos_x": 121.3625, "pos_y": 68.8125, "rotation": 90.0, "side": "top", "designator": "D15", "mpn": "PDZ7.5BZ", "pack": "D_SOD-323_HandSoldering", "value": "PDZ7.5B", "mount_type": "smt", "place": true}, {"pos_x": 87.5, "pos_y": 63.6, "rotation": 0.0, "side": "top", "designator": "TP1", "mpn": null, "pack": "TestPoint_Pad_D1.0mm", "value": "TestPoint", "mount_type": "tht", "place": true}, {"pos_x": 123.18, "pos_y": 43.775, "rotation": -90.0, "side": "top", "designator": "C66", "mpn": "CL10B104KC8NNNC", "pack": "C_0603_1608Metric", "value": "100nF/100V", "mount_type": "smt", "place": true}, {"pos_x": 4.8, "pos_y": 27.4, "rotation": -90.0, "side": "top", "designator": "R38", "mpn": "RMCF0603FT22K1", "pack": "R_0603_1608Metric", "value": "22.1K", "mount_type": "smt", "place": true}, {"pos_x": 140.675, "pos_y": 50.2375, "rotation": 180.0, "side": "top", "designator": "F8", "mpn": "MPZ2012S102ATD25", "pack": "Fuse_0805_2012Metric", "value": "MPZ2012S102ATD25", "mount_type": "smt", "place": true}, {"pos_x": 123.2, "pos_y": 25.275, "rotation": -90.0, "side": "top", "designator": "C70", "mpn": "CL10B104KC8NNNC", "pack": "C_0603_1608Metric", "value": "100nF/100V", "mount_type": "smt", "place": true}, {"pos_x": 134.875, "pos_y": 64.1, "rotation": 180.0, "side": "top", "designator": "R77", "mpn": "RTT25360JTE", "pack": "R_2512_6332Metric", "value": "36R 1W 2512", "mount_type": "smt", "place": true}, {"pos_x": 129.025, "pos_y": 36.2, "rotation": 0.0, "side": "top", "designator": "Q12", "mpn": "TSM2323CX RFG ", "pack": "SOT-23", "value": "TSM2323", "mount_type": "smt", "place": true}, {"pos_x": 140.6125, "pos_y": 73.3, "rotation": 180.0, "side": "top", "designator": "F13", "mpn": "MPZ2012S102ATD25", "pack": "Fuse_0805_2012Metric", "value": "MPZ2012S102ATD25", "mount_type": "smt", "place": true}, {"pos_x": 111.74, "pos_y": 63.32, "rotation": -90.0, "side": "top", "designator": "R62", "mpn": "RC0603JR-07100KL", "pack": "R_0603_1608Metric", "value": "100K", "mount_type": "smt", "place": true}, {"pos_x": 78.6, "pos_y": 86.1, "rotation": 0.0, "side": "top", "designator": "LOGO1", "mpn": null, "pack": "teTra-LOGO", "value": "teTra /NC", "mount_type": "smt", "place": true}, {"pos_x": 46.8, "pos_y": 70.9, "rotation": 180.0, "side": "top", "designator": "R49", "mpn": "RC0603JR-070RL", "pack": "R_0603_1608Metric", "value": "0", "mount_type": "smt", "place": true}, {"pos_x": 5.0, "pos_y": 85.0, "rotation": 90.0, "side": "top", "designator": "J11", "mpn": "N/A", "pack": "MountingHole_3.2mm_M3_ISO7380_Pad", "value": "Hole /NC", "mount_type": "tht", "place": true}, {"pos_x": 58.595, "pos_y": 36.125, "rotation": 180.0, "side": "top", "designator": "R24", "mpn": "CRCW06031K00FKEA", "pack": "R_0603_1608Metric", "value": "1K", "mount_type": "smt", "place": true}, {"pos_x": 134.925, "pos_y": 54.85, "rotation": 180.0, "side": "top", "designator": "R83", "mpn": "RTT25360JTE", "pack": "R_2512_6332Metric", "value": "36R 1W 2512", "mount_type": "smt", "place": true}, {"pos_x": 123.19, "pos_y": 34.475, "rotation": -90.0, "side": "top", "designator": "C68", "mpn": "CL10B104KC8NNNC", "pack": "C_0603_1608Metric", "value": "100nF/100V", "mount_type": "smt", "place": true}, {"pos_x": 71.88, "pos_y": 59.6, "rotation": -90.0, "side": "top", "designator": "TR2", "mpn": "HM2108NL", "pack": "HM2108NL", "value": "HM2108NL", "mount_type": "smt", "place": true}, {"pos_x": 71.9, "pos_y": 71.8, "rotation": 0.0, "side": "top", "designator": "TR1", "mpn": "760390015", "pack": "WURTH-760390015", "value": "Transformer", "mount_type": "smt", "place": true}, {"pos_x": 115.61, "pos_y": 66.495, "rotation": 90.0, "side": "top", "designator": "TH1", "mpn": "B57355V5104F360", "pack": "R_0603_1608Metric", "value": "100K NTC", "mount_type": "smt", "place": true}, {"pos_x": 145.5, "pos_y": 29.2875, "rotation": 90.0, "side": "top", "designator": "J13", "mpn": "B7B-XH-A", "pack": "JST_XH_B7B-XH-A_1x07_P2.50mm_Vertical_BAT_6S", "value": "B7B-XH-A", "mount_type": "tht", "place": true}, {"pos_x": 125.55, "pos_y": 39.8, "rotation": 0.0, "side": "top", "designator": "R93", "mpn": "RC0603FR-07100RL", "pack": "R_0603_1608Metric", "value": "100R", "mount_type": "smt", "place": true}, {"pos_x": 129.0, "pos_y": 77.85, "rotation": 0.0, "side": "top", "designator": "Q3", "mpn": "TSM2323CX RFG ", "pack": "SOT-23", "value": "TSM2323", "mount_type": "smt", "place": true}, {"pos_x": 105.55, "pos_y": 73.075, "rotation": -90.0, "side": "top", "designator": "TH5", "mpn": "MF52C1104F4150", "pack": "R_Axial_DIN0204_L3.6mm_D1.6mm_P1.90mm_Vertical", "value": "100K NTC", "mount_type": "tht", "place": true}, {"pos_x": 62.8, "pos_y": 41.74, "rotation": 0.0, "side": "top", "designator": "R23", "mpn": "RC0603FR-07100RL", "pack": "R_0603_1608Metric", "value": "100R", "mount_type": "smt", "place": true}, {"pos_x": 80.925, "pos_y": 71.78, "rotation": 180.0, "side": "top", "designator": "C26", "mpn": "CL10A475KO8NNNC", "pack": "C_0603_1608Metric", "value": "4.7uF/16V", "mount_type": "smt", "place": true}, {"pos_x": 125.5, "pos_y": 72.35, "rotation": 0.0, "side": "top", "designator": "R72", "mpn": "RC0603FR-07100RL", "pack": "R_0603_1608Metric", "value": "100R", "mount_type": "smt", "place": true}, {"pos_x": 79.5, "pos_y": 39.49, "rotation": -90.0, "side": "top", "designator": "C6", "mpn": "CL10B104KC8NNNC", "pack": "C_0603_1608Metric", "value": "100nF/100V", "mount_type": "smt", "place": true}, {"pos_x": 24.33, "pos_y": 26.34, "rotation": -90.0, "side": "top", "designator": "C10", "mpn": "CL21A106KOQNNNE", "pack": "C_0805_2012Metric", "value": "10uF/16V", "mount_type": "smt", "place": true}, {"pos_x": 5.39, "pos_y": 62.28, "rotation": 180.0, "side": "top", "designator": "Q1", "mpn": "BSS138", "pack": "SOT-23", "value": "BSS138", "mount_type": "smt", "place": true}, {"pos_x": 60.895, "pos_y": 35.325, "rotation": -90.0, "side": "top", "designator": "C14", "mpn": "C0603C222K4RECAUTO", "pack": "C_0603_1608Metric", "value": "2.2nF/16V", "mount_type": "smt", "place": true}, {"pos_x": 128.85, "pos_y": 20.8, "rotation": -90.0, "side": "top", "designator": "D11", "mpn": "BZT52H-C62,115", "pack": "D_SOD-123F", "value": "BZT52H-C62", "mount_type": "smt", "place": true}, {"pos_x": 60.9, "pos_y": 59.6, "rotation": 180.0, "side": "top", "designator": "C34", "mpn": "GCM188R72A103KA37D", "pack": "C_0603_1608Metric", "value": "10nF/100V", "mount_type": "smt", "place": true}, {"pos_x": 79.5, "pos_y": 34.2, "rotation": 90.0, "side": "top", "designator": "C5", "mpn": "CL10B104KC8NNNC", "pack": "C_0603_1608Metric", "value": "100nF/100V", "mount_type": "smt", "place": true}, {"pos_x": 53.33, "pos_y": 59.6, "rotation": 180.0, "side": "top", "designator": "C35", "mpn": "GCM188R72A103KA37D", "pack": "C_0603_1608Metric", "value": "10nF/100V", "mount_type": "smt", "place": true}, {"pos_x": 39.7, "pos_y": 35.2, "rotation": -90.0, "side": "top", "designator": "R36", "mpn": "RC0603JR-074K7L", "pack": "R_0603_1608Metric", "value": "4.7K", "mount_type": "smt", "place": true}, {"pos_x": 134.875, "pos_y": 27.0, "rotation": 180.0, "side": "top", "designator": "R101", "mpn": "RTT25360JTE", "pack": "R_2512_6332Metric", "value": "36R 1W 2512", "mount_type": "smt", "place": true}, {"pos_x": 28.79, "pos_y": 23.065, "rotation": 90.0, "side": "top", "designator": "D1", "mpn": "LTST-C190KRKT", "pack": "LED_0603_1608Metric", "value": "LED Red", "mount_type": "smt", "place": true}, {"pos_x": 4.2, "pos_y": 58.8, "rotation": 0.0, "side": "top", "designator": "D2", "mpn": "LTST-C190KRKT", "pack": "LED_0603_1608Metric", "value": "LED Red", "mount_type": "smt", "place": true}, {"pos_x": 125.5, "pos_y": 58.5, "rotation": 0.0, "side": "top", "designator": "R81", "mpn": "RC0603FR-07100RL", "pack": "R_0603_1608Metric", "value": "100R", "mount_type": "smt", "place": true}, {"pos_x": 56.2, "pos_y": 80.6, "rotation": 0.0, "side": "top", "designator": "C41", "mpn": "GRM188R61E225KA12D", "pack": "C_0603_1608Metric", "value": "2.2uF/25V", "mount_type": "smt", "place": true}, {"pos_x": 30.48, "pos_y": 28.1, "rotation": -90.0, "side": "top", "designator": "R6", "mpn": "RC0603JR-074K7L", "pack": "R_0603_1608Metric", "value": "4.7K", "mount_type": "smt", "place": true}, {"pos_x": 123.15, "pos_y": 71.45, "rotation": -90.0, "side": "top", "designator": "C60", "mpn": "CL10B104KC8NNNC", "pack": "C_0603_1608Metric", "value": "100nF/100V", "mount_type": "smt", "place": true}, {"pos_x": 125.5, "pos_y": 46.45, "rotation": 0.0, "side": "top", "designator": "R91", "mpn": "RC0603FR-073K3L", "pack": "R_0603_1608Metric", "value": "3.3K", "mount_type": "smt", "place": true}, {"pos_x": 114.01, "pos_y": 63.32, "rotation": 90.0, "side": "top", "designator": "R67", "mpn": "RC0603JR-07100KL", "pack": "R_0603_1608Metric", "value": "100K", "mount_type": "smt", "place": true}, {"pos_x": 101.145, "pos_y": 63.288947, "rotation": 90.0, "side": "top", "designator": "R57", "mpn": "RC0603JR-070RL", "pack": "R_0603_1608Metric", "value": "0", "mount_type": "smt", "place": true}, {"pos_x": 28.8, "pos_y": 26.225, "rotation": 90.0, "side": "top", "designator": "R1", "mpn": "RC0603JR-07470RL", "pack": "R_0603_1608Metric", "value": "470R", "mount_type": "smt", "place": true}, {"pos_x": 114.0, "pos_y": 66.441447, "rotation": 90.0, "side": "top", "designator": "C58", "mpn": "CL10B104KC8NNNC", "pack": "C_0603_1608Metric", "value": "100nF/100V", "mount_type": "smt", "place": true}, {"pos_x": 5.01, "pos_y": 70.105827, "rotation": 0.0, "side": "top", "designator": "BZ1", "mpn": "AI-1027-TWT-5V-2-R ", "pack": "Beeper_AI-1027-TWT-5V", "value": "AI-1027-TWT-5V", "mount_type": "tht", "place": true}, {"pos_x": 86.55, "pos_y": 65.98, "rotation": 180.0, "side": "top", "designator": "C1", "mpn": "CL21A106KOQNNNE", "pack": "C_0805_2012Metric", "value": "10uF/16V", "mount_type": "smt", "place": true}, {"pos_x": 96.7125, "pos_y": 41.765, "rotation": 180.0, "side": "top", "designator": "R9", "mpn": "ERJ-PB6B4703V", "pack": "R_0805_2012Metric", "value": "470K\u03a9 \u00b10.1% 250mW", "mount_type": "smt", "place": true}, {"pos_x": 140.6125, "pos_y": 68.7, "rotation": 180.0, "side": "top", "designator": "F12", "mpn": "MPZ2012S102ATD25", "pack": "Fuse_0805_2012Metric", "value": "MPZ2012S102ATD25", "mount_type": "smt", "place": true}, {"pos_x": 15.55, "pos_y": 27.3, "rotation": 0.0, "side": "top", "designator": "L1", "mpn": "SRP5030CC-3R3M", "pack": "L_Bourns_SRP5030T", "value": "3.3uH", "mount_type": "smt", "place": true}, {"pos_x": 56.2, "pos_y": 79.0, "rotation": 0.0, "side": "top", "designator": "R52", "mpn": "RMCF0603FT10K0", "pack": "R_0603_1608Metric", "value": "10K", "mount_type": "smt", "place": true}, {"pos_x": 51.2, "pos_y": 44.09, "rotation": 90.0, "side": "top", "designator": "R34", "mpn": "RC0603FR-0733KL", "pack": "R_0603_1608Metric", "value": "33K", "mount_type": "smt", "place": true}, {"pos_x": 51.695, "pos_y": 35.325, "rotation": -90.0, "side": "top", "designator": "R32", "mpn": "CRCW06031K00FKEA", "pack": "R_0603_1608Metric", "value": "1K", "mount_type": "smt", "place": true}, {"pos_x": 80.05, "pos_y": 69.28, "rotation": 180.0, "side": "top", "designator": "D4", "mpn": "MBR0520-TP", "pack": "D_SOD-123", "value": "MBR0520", "mount_type": "smt", "place": true}, {"pos_x": 56.6, "pos_y": 75.4, "rotation": -90.0, "side": "top", "designator": "C38", "mpn": "GRM188R61E225KA12D", "pack": "C_0603_1608Metric", "value": "2.2uF/25V", "mount_type": "smt", "place": true}, {"pos_x": 129.025, "pos_y": 31.6, "rotation": 0.0, "side": "top", "designator": "Q13", "mpn": "TSM2323CX RFG ", "pack": "SOT-23", "value": "TSM2323", "mount_type": "smt", "place": true}, {"pos_x": 140.675, "pos_y": 36.2, "rotation": 180.0, "side": "top", "designator": "F4", "mpn": "MPZ2012S102ATD25", "pack": "Fuse_0805_2012Metric", "value": "MPZ2012S102ATD25", "mount_type": "smt", "place": true}, {"pos_x": 121.425, "pos_y": 50.2375, "rotation": 90.0, "side": "top", "designator": "D19", "mpn": "PDZ7.5BZ", "pack": "D_SOD-323_HandSoldering", "value": "PDZ7.5B", "mount_type": "smt", "place": true}, {"pos_x": 125.5, "pos_y": 74.2, "rotation": 0.0, "side": "top", "designator": "R73", "mpn": "RC0603FR-073K3L", "pack": "R_0603_1608Metric", "value": "3.3K", "mount_type": "smt", "place": true}, {"pos_x": 121.375, "pos_y": 31.6, "rotation": 90.0, "side": "top", "designator": "D23", "mpn": "PDZ7.5BZ", "pack": "D_SOD-323_HandSoldering", "value": "PDZ7.5B", "mount_type": "smt", "place": true}, {"pos_x": 46.555, "pos_y": 48.2, "rotation": -90.0, "side": "top", "designator": "C71", "mpn": "0603B105K250XD", "pack": "C_0603_1608Metric", "value": "1uF/25V", "mount_type": "smt", "place": true}, {"pos_x": 140.675, "pos_y": 54.75, "rotation": 180.0, "side": "top", "designator": "F9", "mpn": "MPZ2012S102ATD25", "pack": "Fuse_0805_2012Metric", "value": "MPZ2012S102ATD25", "mount_type": "smt", "place": true}, {"pos_x": 51.2, "pos_y": 40.99, "rotation": -90.0, "side": "top", "designator": "R33", "mpn": "RC0603FR-0733KL", "pack": "R_0603_1608Metric", "value": "33K", "mount_type": "smt", "place": true}, {"pos_x": 50.1, "pos_y": 33.775, "rotation": 90.0, "side": "top", "designator": "C20", "mpn": "CL10B104KC8NNNC", "pack": "C_0603_1608Metric", "value": "100nF/100V", "mount_type": "smt", "place": true}, {"pos_x": 93.2125, "pos_y": 41.765, "rotation": 180.0, "side": "top", "designator": "R11", "mpn": "ERJ-PB6B4703V", "pack": "R_0805_2012Metric", "value": "470K\u03a9 \u00b10.1% 250mW", "mount_type": "smt", "place": true}, {"pos_x": 110.065, "pos_y": 53.096447, "rotation": 180.0, "side": "top", "designator": "U12", "mpn": "LTC6811HG-1#3ZZPBF", "pack": "TSSOP-48_6.1x12.5mm_P0.5mm", "value": "LTC6811HG-1", "mount_type": "smt", "place": true}, {"pos_x": 107.9725, "pos_y": 66.441447, "rotation": 90.0, "side": "top", "designator": "C56", "mpn": "CL10B104KC8NNNC", "pack": "C_0603_1608Metric", "value": "100nF/100V", "mount_type": "smt", "place": true}, {"pos_x": 123.15, "pos_y": 76.1, "rotation": -90.0, "side": "top", "designator": "C59", "mpn": "CL10B104KC8NNNC", "pack": "C_0603_1608Metric", "value": "100nF/100V", "mount_type": "smt", "place": true}, {"pos_x": 106.16, "pos_y": 43.59, "rotation": 0.0, "side": "top", "designator": "R58", "mpn": "RC0603JR-07100KL", "pack": "R_0603_1608Metric", "value": "100K", "mount_type": "smt", "place": true}, {"pos_x": 71.9, "pos_y": 35.325, "rotation": 180.0, "side": "top", "designator": "U2", "mpn": "AMC1301DWV", "pack": "SSO-8_6.8x5.9mm_P1.27mm_Clearance8mm", "value": "AMC1301 or AMC1302", "mount_type": "smt", "place": true}, {"pos_x": 53.5, "pos_y": 41.74, "rotation": 180.0, "side": "top", "designator": "R29", "mpn": "RC0603JR-075K6L", "pack": "R_0603_1608Metric", "value": "5.6K", "mount_type": "smt", "place": true}, {"pos_x": 51.03, "pos_y": 57.875, "rotation": 90.0, "side": "top", "designator": "R46", "mpn": "RC0603JR-0751RL", "pack": "R_0603_1608Metric", "value": "51R", "mount_type": "smt", "place": true}, {"pos_x": 56.8, "pos_y": 12.5, "rotation": 0.0, "side": "top", "designator": "BAT-1", "mpn": null, "pack": "Battery_6mm\u00d710mm_Cell_half_2", "value": "BAT-", "mount_type": "tht", "place": true}, {"pos_x": 131.55, "pos_y": 20.55, "rotation": -90.0, "side": "top", "designator": "D10", "mpn": "1N4148W-7-F", "pack": "D_SOD-123", "value": "1N4148W", "mount_type": "smt", "place": true}, {"pos_x": 101.66, "pos_y": 73.5775, "rotation": -90.0, "side": "top", "designator": "D12", "mpn": "LTST-C190KRKT", "pack": "LED_0603_1608Metric", "value": "LED Red", "mount_type": "smt", "place": true}, {"pos_x": 8.1, "pos_y": 24.59, "rotation": 180.0, "side": "top", "designator": "C28", "mpn": "CL10B104KC8NNNC", "pack": "C_0603_1608Metric", "value": "100nF/100V", "mount_type": "smt", "place": true}, {"pos_x": 93.7, "pos_y": 65.1, "rotation": 180.0, "side": "top", "designator": "C49", "mpn": "CL10B104KC8NNNC", "pack": "C_0603_1608Metric", "value": "100nF/100V", "mount_type": "smt", "place": true}, {"pos_x": 97.575, "pos_y": 63.63, "rotation": 0.0, "side": "top", "designator": "C51", "mpn": "0603B105K250XD", "pack": "C_0603_1608Metric", "value": "1uF/25V", "mount_type": "smt", "place": true}, {"pos_x": 106.37, "pos_y": 63.33, "rotation": -90.0, "side": "top", "designator": "R65", "mpn": "RC0603JR-07100KL", "pack": "R_0603_1608Metric", "value": "100K", "mount_type": "smt", "place": true}, {"pos_x": 106.16, "pos_y": 41.0, "rotation": 90.0, "side": "top", "designator": "C22", "mpn": "0603B101K101SD", "pack": "C_0603_1608Metric", "value": "100pF/100V", "mount_type": "smt", "place": true}, {"pos_x": 101.66, "pos_y": 76.79, "rotation": 90.0, "side": "top", "designator": "R66", "mpn": "RC0603JR-071K2L", "pack": "R_0603_1608Metric", "value": "1.2K", "mount_type": "smt", "place": true}, {"pos_x": 137.15, "pos_y": 23.0, "rotation": 90.0, "side": "top", "designator": "FB1", "mpn": "BLM18PG330SN1D", "pack": "R_0603_1608Metric", "value": "BLM18PG330SN1D", "mount_type": "smt", "place": true}, {"pos_x": 8.7, "pos_y": 27.26, "rotation": 180.0, "side": "top", "designator": "U7", "mpn": "LMR51420XDDCR", "pack": "SOT-23-6_Handsoldering", "value": "LMR51420XDDCR", "mount_type": "smt", "place": true}, {"pos_x": 111.74, "pos_y": 66.47, "rotation": 90.0, "side": "top", "designator": "C54", "mpn": "CL10B104KC8NNNC", "pack": "C_0603_1608Metric", "value": "100nF/100V", "mount_type": "smt", "place": true}, {"pos_x": 123.15, "pos_y": 57.725, "rotation": -90.0, "side": "top", "designator": "C63", "mpn": "CL10B104KC8NNNC", "pack": "C_0603_1608Metric", "value": "100nF/100V", "mount_type": "smt", "place": true}, {"pos_x": 110.44, "pos_y": 73.083553, "rotation": -90.0, "side": "top", "designator": "TH3", "mpn": "MF52C1104F4150", "pack": "R_Axial_DIN0204_L3.6mm_D1.6mm_P1.90mm_Vertical", "value": "100K NTC", "mount_type": "tht", "place": true}, {"pos_x": 123.15, "pos_y": 53.125, "rotation": -90.0, "side": "top", "designator": "C64", "mpn": "CL10B104KC8NNNC", "pack": "C_0603_1608Metric", "value": "100nF/100V", "mount_type": "smt", "place": true}, {"pos_x": 89.4, "pos_y": 66.805, "rotation": -90.0, "side": "top", "designator": "R10", "mpn": "RC0603JR-07470RL", "pack": "R_0603_1608Metric", "value": "470R", "mount_type": "smt", "place": true}, {"pos_x": 74.7, "pos_y": 29.3, "rotation": 90.0, "side": "top", "designator": "R16", "mpn": "CRCW06031K00FKEA", "pack": "R_0603_1608Metric", "value": "1K", "mount_type": "smt", "place": true}, {"pos_x": 140.6625, "pos_y": 59.45, "rotation": 180.0, "side": "top", "designator": "F10", "mpn": "MPZ2012S102ATD25", "pack": "Fuse_0805_2012Metric", "value": "MPZ2012S102ATD25", "mount_type": "smt", "place": true}, {"pos_x": 125.5, "pos_y": 67.75, "rotation": 0.0, "side": "top", "designator": "R75", "mpn": "RC0603FR-07100RL", "pack": "R_0603_1608Metric", "value": "100R", "mount_type": "smt", "place": true}, {"pos_x": 48.255, "pos_y": 48.2, "rotation": 90.0, "side": "top", "designator": "C23", "mpn": "CL10B104KC8NNNC", "pack": "C_0603_1608Metric", "value": "100nF/100V", "mount_type": "smt", "place": true}, {"pos_x": 48.525, "pos_y": 65.25, "rotation": 0.0, "side": "top", "designator": "R44", "mpn": "RC0603FR-07806RL", "pack": "R_0603_1608Metric", "value": "806R", "mount_type": "smt", "place": true}, {"pos_x": 64.1, "pos_y": 32.2, "rotation": -90.0, "side": "top", "designator": "C8", "mpn": "CL10B104KC8NNNC", "pack": "C_0603_1608Metric", "value": "100nF/100V", "mount_type": "smt", "place": true}, {"pos_x": 113.025, "pos_y": 42.79, "rotation": 180.0, "side": "top", "designator": "C48", "mpn": "CL10B104KC8NNNC", "pack": "C_0603_1608Metric", "value": "100nF/100V", "mount_type": "smt", "place": true}, {"pos_x": 44.3, "pos_y": 34.6, "rotation": 0.0, "side": "top", "designator": "U6", "mpn": "ISL28022FUZ-T7A", "pack": "MSOP-10_3x3mm_P0.5mm", "value": "ISL28022", "mount_type": "smt", "place": true}, {"pos_x": 63.195, "pos_y": 36.125, "rotation": 0.0, "side": "top", "designator": "R20", "mpn": "RC0603FR-07100RL", "pack": "R_0603_1608Metric", "value": "100R", "mount_type": "smt", "place": true}, {"pos_x": 9.285, "pos_y": 30.08, "rotation": 180.0, "side": "top", "designator": "C3", "mpn": "GRM188R61E225KA12D", "pack": "C_0603_1608Metric", "value": "2.2uF/25V", "mount_type": "smt", "place": true}, {"pos_x": 62.5, "pos_y": 32.2, "rotation": -90.0, "side": "top", "designator": "C11", "mpn": "GRM188R61E225KA12D", "pack": "C_0603_1608Metric", "value": "2.2uF/25V", "mount_type": "smt", "place": true}, {"pos_x": 129.025, "pos_y": 40.75, "rotation": 0.0, "side": "top", "designator": "Q11", "mpn": "TSM2323CX RFG ", "pack": "SOT-23", "value": "TSM2323", "mount_type": "smt", "place": true}, {"pos_x": 125.5, "pos_y": 76.85, "rotation": 0.0, "side": "top", "designator": "R69", "mpn": "RC0603FR-07100RL", "pack": "R_0603_1608Metric", "value": "100R", "mount_type": "smt", "place": true}, {"pos_x": 33.0, "pos_y": 27.3, "rotation": 0.0, "side": "top", "designator": "TP2", "mpn": null, "pack": "TestPoint_Pad_D1.0mm", "value": "TestPoint", "mount_type": "tht", "place": true}, {"pos_x": 129.025, "pos_y": 27.0, "rotation": 0.0, "side": "top", "designator": "Q14", "mpn": "TSM2323CX RFG ", "pack": "SOT-23", "value": "TSM2323", "mount_type": "smt", "place": true}, {"pos_x": 125.55, "pos_y": 37.15, "rotation": 0.0, "side": "top", "designator": "R97", "mpn": "RC0603FR-073K3L", "pack": "R_0603_1608Metric", "value": "3.3K", "mount_type": "smt", "place": true}, {"pos_x": 134.925, "pos_y": 45.5, "rotation": 180.0, "side": "top", "designator": "R89", "mpn": "RTT25360JTE", "pack": "R_2512_6332Metric", "value": "36R 1W 2512", "mount_type": "smt", "place": true}, {"pos_x": 53.995, "pos_y": 34.525, "rotation": 0.0, "side": "top", "designator": "R31", "mpn": "RC0603FR-073K3L", "pack": "R_0603_1608Metric", "value": "3.3K", "mount_type": "smt", "place": true}, {"pos_x": 125.55, "pos_y": 27.9625, "rotation": 0.0, "side": "top", "designator": "R103", "mpn": "RC0603FR-073K3L", "pack": "R_0603_1608Metric", "value": "3.3K", "mount_type": "smt", "place": true}, {"pos_x": 134.9375, "pos_y": 50.2, "rotation": 180.0, "side": "top", "designator": "R86", "mpn": "RTT25360JTE", "pack": "R_2512_6332Metric", "value": "36R 1W 2512", "mount_type": "smt", "place": true}, {"pos_x": 42.575, "pos_y": 57.3, "rotation": 0.0, "side": "top", "designator": "C37", "mpn": "CL10B104KC8NNNC", "pack": "C_0603_1608Metric", "value": "100nF/100V", "mount_type": "smt", "place": true}, {"pos_x": 134.875, "pos_y": 31.6, "rotation": 180.0, "side": "top", "designator": "R98", "mpn": "RTT25360JTE", "pack": "R_2512_6332Metric", "value": "36R 1W 2512", "mount_type": "smt", "place": true}, {"pos_x": 134.8625, "pos_y": 73.3, "rotation": 180.0, "side": "top", "designator": "R71", "mpn": "RTT25360JTE", "pack": "R_2512_6332Metric", "value": "36R 1W 2512", "mount_type": "smt", "place": true}, {"pos_x": 46.1, "pos_y": 31.9, "rotation": 180.0, "side": "top", "designator": "C21", "mpn": "CL10B104KC8NNNC", "pack": "C_0603_1608Metric", "value": "100nF/100V", "mount_type": "smt", "place": true}, {"pos_x": 140.725, "pos_y": 27.0, "rotation": 180.0, "side": "top", "designator": "F2", "mpn": "MPZ2012S102ATD25", "pack": "Fuse_0805_2012Metric", "value": "MPZ2012S102ATD25", "mount_type": "smt", "place": true}, {"pos_x": 3.1, "pos_y": 27.4, "rotation": -90.0, "side": "top", "designator": "R37", "mpn": "RC0603JR-07100KL", "pack": "R_0603_1608Metric", "value": "100K", "mount_type": "smt", "place": true}, {"pos_x": 104.23, "pos_y": 63.275, "rotation": 90.0, "side": "top", "designator": "C46", "mpn": "0603B105K250XD", "pack": "C_0603_1608Metric", "value": "1uF/25V", "mount_type": "smt", "place": true}, {"pos_x": 42.575, "pos_y": 55.7, "rotation": 180.0, "side": "top", "designator": "C36", "mpn": "0603B105K250XD", "pack": "C_0603_1608Metric", "value": "1uF/25V", "mount_type": "smt", "place": true}, {"pos_x": 63.5, "pos_y": 39.39, "rotation": -90.0, "side": "top", "designator": "C9", "mpn": "CL10B104KC8NNNC", "pack": "C_0603_1608Metric", "value": "100nF/100V", "mount_type": "smt", "place": true}, {"pos_x": 22.84, "pos_y": 32.3, "rotation": 90.0, "side": "top", "designator": "J2", "mpn": "G800W303018EU", "pack": "PinHeader_1x05_P2.54mm_Vertical", "value": "OLED /NC", "mount_type": "tht", "place": true}]